OBJECTID,Join_Count,TARGET_FID,DIST_CODE,REPDISTNUM,REP_DIST,muni_caps,muni_id,cnty_fips,cnty_nm,municipal
1,1,1,HAMPDEN04,47,4th Hampden,SOUTHAMPTON,276,25015,Hampshire,Southampton
2,1,1,HAMPDEN04,47,4th Hampden,HOLYOKE,137,25013,Hampden,Holyoke
3,1,1,HAMPDEN04,47,4th Hampden,MONTGOMERY,194,25013,Hampden,Montgomery
4,1,1,HAMPDEN04,47,4th Hampden,RUSSELL,256,25013,Hampden,Russell
5,1,1,HAMPDEN04,47,4th Hampden,SOUTHWICK,279,25013,Hampden,Southwick
6,1,1,HAMPDEN04,47,4th Hampden,EASTHAMPTON,87,25015,Hampshire,Easthampton
7,1,1,HAMPDEN04,47,4th Hampden,GRANVILLE,112,25013,Hampden,Granville
8,1,1,HAMPDEN04,47,4th Hampden,WEST SPRINGFIELD,325,25013,Hampden,West Springfield
9,1,1,HAMPDEN04,47,4th Hampden,AGAWAM,5,25013,Hampden,Agawam
10,1,1,HAMPDEN04,47,4th Hampden,WESTFIELD,329,25013,Hampden,Westfield
11,1,1,HAMPDEN04,47,4th Hampden,WESTHAMPTON,331,25015,Hampshire,Westhampton
12,1,1,HAMPDEN04,47,4th Hampden,HUNTINGTON,143,25015,Hampshire,Huntington
13,1,2,WOR06,147,6th Worcester,LEICESTER,151,25027,Worcester,Leicester
14,1,2,WOR06,147,6th Worcester,WEBSTER,316,25027,Worcester,Webster
15,1,2,WOR06,147,6th Worcester,DUDLEY,80,25027,Worcester,Dudley
16,1,2,WOR06,147,6th Worcester,OXFORD,226,25027,Worcester,Oxford
17,1,2,WOR06,147,6th Worcester,CHARLTON,54,25027,Worcester,Charlton
18,1,2,WOR06,147,6th Worcester,EAST BROOKFIELD,84,25027,Worcester,East Brookfield
19,1,2,WOR06,147,6th Worcester,STURBRIDGE,287,25027,Worcester,Sturbridge
20,1,2,WOR06,147,6th Worcester,SPENCER,280,25027,Worcester,Spencer
21,1,2,WOR06,147,6th Worcester,SOUTHBRIDGE,278,25027,Worcester,Southbridge
22,1,3,WOR01,142,1st Worcester,HOLDEN,134,25027,Worcester,Holden
23,1,3,WOR01,142,1st Worcester,WESTMINSTER,332,25027,Worcester,Westminster
24,1,3,WOR01,142,1st Worcester,LEOMINSTER,153,25027,Worcester,Leominster
25,1,3,WOR01,142,1st Worcester,PRINCETON,241,25027,Worcester,Princeton
26,1,3,WOR01,142,1st Worcester,GARDNER,103,25027,Worcester,Gardner
27,1,3,WOR01,142,1st Worcester,STERLING,282,25027,Worcester,Sterling
28,1,3,WOR01,142,1st Worcester,RUTLAND,257,25027,Worcester,Rutland
29,1,3,WOR01,142,1st Worcester,ASHBURNHAM,11,25027,Worcester,Ashburnham
30,1,3,WOR01,142,1st Worcester,FITCHBURG,97,25027,Worcester,Fitchburg
31,1,3,WOR01,142,1st Worcester,WEST BOYLSTON,321,25027,Worcester,West Boylston
32,1,3,WOR01,142,1st Worcester,LEICESTER,151,25027,Worcester,Leicester
33,1,3,WOR01,142,1st Worcester,PAXTON,228,25027,Worcester,Paxton
34,1,3,WOR01,142,1st Worcester,WORCESTER,348,25027,Worcester,Worcester
35,1,3,WOR01,142,1st Worcester,BARRE,21,25027,Worcester,Barre
36,1,3,WOR01,142,1st Worcester,OAKHAM,222,25027,Worcester,Oakham
37,1,3,WOR01,142,1st Worcester,HUBBARDSTON,140,25027,Worcester,Hubbardston
38,1,3,WOR01,142,1st Worcester,SPENCER,280,25027,Worcester,Spencer
39,1,4,BRISTOL05,14,5th Bristol,TAUNTON,293,25005,Bristol,Taunton
40,1,4,BRISTOL05,14,5th Bristol,SOMERSET,273,25005,Bristol,Somerset
41,1,4,BRISTOL05,14,5th Bristol,DIGHTON,76,25005,Bristol,Dighton
42,1,4,BRISTOL05,14,5th Bristol,SWANSEA,292,25005,Bristol,Swansea
43,1,4,BRISTOL05,14,5th Bristol,REHOBOTH,247,25005,Bristol,Rehoboth
44,1,4,BRISTOL05,14,5th Bristol,BERKLEY,27,25005,Bristol,Berkley
45,1,5,BRISTOL08,17,8th Bristol,ROCHESTER,250,25023,Plymouth,Rochester
46,1,5,BRISTOL08,17,8th Bristol,ACUSHNET,3,25005,Bristol,Acushnet
47,1,5,BRISTOL08,17,8th Bristol,MATTAPOISETT,173,25023,Plymouth,Mattapoisett
48,1,5,BRISTOL08,17,8th Bristol,WESTPORT,334,25005,Bristol,Westport
49,1,5,BRISTOL08,17,8th Bristol,FALL RIVER,95,25005,Bristol,Fall River
50,1,5,BRISTOL08,17,8th Bristol,NEW BEDFORD,201,25005,Bristol,New Bedford
51,1,5,BRISTOL08,17,8th Bristol,LAKEVILLE,146,25023,Plymouth,Lakeville
52,1,5,BRISTOL08,17,8th Bristol,DARTMOUTH,72,25005,Bristol,Dartmouth
53,1,5,BRISTOL08,17,8th Bristol,FREETOWN,102,25005,Bristol,Freetown
54,1,6,PLY12,122,12th Plymouth,PLYMOUTH,239,25023,Plymouth,Plymouth
55,1,6,PLY12,122,12th Plymouth,EAST BRIDGEWATER,83,25023,Plymouth,East Bridgewater
56,1,6,PLY12,122,12th Plymouth,KINGSTON,145,25023,Plymouth,Kingston
57,1,6,PLY12,122,12th Plymouth,PEMBROKE,231,25023,Plymouth,Pembroke
58,1,6,PLY12,122,12th Plymouth,DUXBURY,82,25023,Plymouth,Duxbury
59,1,6,PLY12,122,12th Plymouth,HANSON,123,25023,Plymouth,Hanson
60,1,6,PLY12,122,12th Plymouth,CARVER,52,25023,Plymouth,Carver
61,1,6,PLY12,122,12th Plymouth,PLYMPTON,240,25023,Plymouth,Plympton
62,1,6,PLY12,122,12th Plymouth,MIDDLEBOROUGH,182,25023,Plymouth,Middleborough
63,1,6,PLY12,122,12th Plymouth,HALIFAX,118,25023,Plymouth,Halifax
64,1,6,PLY12,122,12th Plymouth,BRIDGEWATER,42,25023,Plymouth,Bridgewater
65,1,7,MIDDLE05,63,5th Middlesex,WELLESLEY,317,25021,Norfolk,Wellesley
66,1,7,MIDDLE05,63,5th Middlesex,NATICK,198,25017,Middlesex,Natick
67,1,7,MIDDLE05,63,5th Middlesex,WESTON,333,25017,Middlesex,Weston
68,1,7,MIDDLE05,63,5th Middlesex,FRAMINGHAM,100,25017,Middlesex,Framingham
69,1,7,MIDDLE05,63,5th Middlesex,WAYLAND,315,25017,Middlesex,Wayland
70,1,7,MIDDLE05,63,5th Middlesex,SHERBORN,269,25017,Middlesex,Sherborn
71,1,7,MIDDLE05,63,5th Middlesex,DOVER,78,25021,Norfolk,Dover
72,1,8,SUFFOLK02,124,2nd Suffolk,EVERETT,93,25017,Middlesex,Everett
73,1,8,SUFFOLK02,124,2nd Suffolk,SOMERVILLE,274,25017,Middlesex,Somerville
74,1,8,SUFFOLK02,124,2nd Suffolk,CHELSEA,57,25025,Suffolk,Chelsea
75,1,8,SUFFOLK02,124,2nd Suffolk,CAMBRIDGE,49,25017,Middlesex,Cambridge
76,1,8,SUFFOLK02,124,2nd Suffolk,BROOKLINE,46,25021,Norfolk,Brookline
77,1,8,SUFFOLK02,124,2nd Suffolk,BOSTON,35,25025,Suffolk,Boston
78,1,9,NORFOLK07,102,7th Norfolk,QUINCY,243,25021,Norfolk,Quincy
79,1,9,NORFOLK07,102,7th Norfolk,DEDHAM,73,25021,Norfolk,Dedham
80,1,9,NORFOLK07,102,7th Norfolk,RANDOLPH,244,25021,Norfolk,Randolph
81,1,9,NORFOLK07,102,7th Norfolk,MILTON,189,25021,Norfolk,Milton
82,1,9,NORFOLK07,102,7th Norfolk,BOSTON,35,25025,Suffolk,Boston
83,1,9,NORFOLK07,102,7th Norfolk,CANTON,50,25021,Norfolk,Canton
84,1,9,NORFOLK07,102,7th Norfolk,HOLBROOK,133,25021,Norfolk,Holbrook
85,1,9,NORFOLK07,102,7th Norfolk,AVON,18,25021,Norfolk,Avon
86,1,9,NORFOLK07,102,7th Norfolk,STOUGHTON,285,25021,Norfolk,Stoughton
87,1,10,MIDDLE33,91,33rd Middlesex,EVERETT,93,25017,Middlesex,Everett
88,1,10,MIDDLE33,91,33rd Middlesex,MEDFORD,176,25017,Middlesex,Medford
89,1,10,MIDDLE33,91,33rd Middlesex,MELROSE,178,25017,Middlesex,Melrose
90,1,10,MIDDLE33,91,33rd Middlesex,REVERE,248,25025,Suffolk,Revere
91,1,10,MIDDLE33,91,33rd Middlesex,MALDEN,165,25017,Middlesex,Malden
92,1,11,PLY07,117,7th Plymouth,EAST BRIDGEWATER,83,25023,Plymouth,East Bridgewater
93,1,11,PLY07,117,7th Plymouth,HOLBROOK,133,25021,Norfolk,Holbrook
94,1,11,PLY07,117,7th Plymouth,ABINGTON,1,25023,Plymouth,Abington
95,1,11,PLY07,117,7th Plymouth,WHITMAN,338,25023,Plymouth,Whitman
96,1,11,PLY07,117,7th Plymouth,BROCKTON,44,25023,Plymouth,Brockton
97,1,11,PLY07,117,7th Plymouth,ROCKLAND,251,25023,Plymouth,Rockland
98,1,11,PLY07,117,7th Plymouth,WEST BRIDGEWATER,322,25023,Plymouth,West Bridgewater
99,1,11,PLY07,117,7th Plymouth,HANSON,123,25023,Plymouth,Hanson
100,1,11,PLY07,117,7th Plymouth,HALIFAX,118,25023,Plymouth,Halifax
101,1,11,PLY07,117,7th Plymouth,BRIDGEWATER,42,25023,Plymouth,Bridgewater
102,1,12,HAMPDEN12,55,12th Hampden,MONSON,191,25013,Hampden,Monson
103,1,12,HAMPDEN12,55,12th Hampden,PALMER,227,25013,Hampden,Palmer
104,1,12,HAMPDEN12,55,12th Hampden,EAST LONGMEADOW,85,25013,Hampden,East Longmeadow
105,1,12,HAMPDEN12,55,12th Hampden,WILBRAHAM,339,25013,Hampden,Wilbraham
106,1,12,HAMPDEN12,55,12th Hampden,HAMPDEN,120,25013,Hampden,Hampden
107,1,12,HAMPDEN12,55,12th Hampden,LUDLOW,161,25013,Hampden,Ludlow
108,1,12,HAMPDEN12,55,12th Hampden,SPRINGFIELD,281,25013,Hampden,Springfield
109,1,13,PLY04,114,4th Plymouth,HINGHAM,131,25023,Plymouth,Hingham
110,1,13,PLY04,114,4th Plymouth,SCITUATE,264,25023,Plymouth,Scituate
111,1,13,PLY04,114,4th Plymouth,NORWELL,219,25023,Plymouth,Norwell
112,1,13,PLY04,114,4th Plymouth,COHASSET,65,25021,Norfolk,Cohasset
113,1,13,PLY04,114,4th Plymouth,MARSHFIELD,171,25023,Plymouth,Marshfield
114,1,13,PLY04,114,4th Plymouth,DUXBURY,82,25023,Plymouth,Duxbury
115,1,14,BRISTOL01,10,1st Bristol,EASTON,88,25005,Bristol,Easton
116,1,14,BRISTOL01,10,1st Bristol,NORFOLK,208,25021,Norfolk,Norfolk
117,1,14,BRISTOL01,10,1st Bristol,FOXBOROUGH,99,25021,Norfolk,Foxborough
118,1,14,BRISTOL01,10,1st Bristol,WRENTHAM,350,25021,Norfolk,Wrentham
119,1,14,BRISTOL01,10,1st Bristol,WALPOLE,307,25021,Norfolk,Walpole
120,1,14,BRISTOL01,10,1st Bristol,SHARON,266,25021,Norfolk,Sharon
121,1,14,BRISTOL01,10,1st Bristol,TAUNTON,293,25005,Bristol,Taunton
122,1,14,BRISTOL01,10,1st Bristol,PLAINVILLE,238,25021,Norfolk,Plainville
123,1,14,BRISTOL01,10,1st Bristol,NORTON,218,25005,Bristol,Norton
124,1,14,BRISTOL01,10,1st Bristol,MANSFIELD,167,25005,Bristol,Mansfield
125,1,15,MIDDLE34,92,34th Middlesex,MEDFORD,176,25017,Middlesex,Medford
126,1,15,MIDDLE34,92,34th Middlesex,SOMERVILLE,274,25017,Middlesex,Somerville
127,1,15,MIDDLE34,92,34th Middlesex,CAMBRIDGE,49,25017,Middlesex,Cambridge
128,1,16,MIDDLE26,84,26th Middlesex,SOMERVILLE,274,25017,Middlesex,Somerville
129,1,16,MIDDLE26,84,26th Middlesex,CAMBRIDGE,49,25017,Middlesex,Cambridge
130,1,16,MIDDLE26,84,26th Middlesex,BOSTON,35,25025,Suffolk,Boston
131,1,17,SUFFOLK11,133,11th Suffolk,EVERETT,93,25017,Middlesex,Everett
132,1,17,SUFFOLK11,133,11th Suffolk,CHELSEA,57,25025,Suffolk,Chelsea
133,1,17,SUFFOLK11,133,11th Suffolk,REVERE,248,25025,Suffolk,Revere
134,1,18,HAMPSHIRE01,56,1st Hampshire,SOUTHAMPTON,276,25015,Hampshire,Southampton
135,1,18,HAMPSHIRE01,56,1st Hampshire,CHESTERFIELD,60,25015,Hampshire,Chesterfield
136,1,18,HAMPSHIRE01,56,1st Hampshire,HAWLEY,129,25011,Franklin,Hawley
137,1,18,HAMPSHIRE01,56,1st Hampshire,ASHFIELD,13,25011,Franklin,Ashfield
138,1,18,HAMPSHIRE01,56,1st Hampshire,CONWAY,68,25011,Franklin,Conway
139,1,18,HAMPSHIRE01,56,1st Hampshire,CHESTER,59,25013,Hampden,Chester
140,1,18,HAMPSHIRE01,56,1st Hampshire,WHATELY,337,25011,Franklin,Whately
141,1,18,HAMPSHIRE01,56,1st Hampshire,WILLIAMSBURG,340,25015,Hampshire,Williamsburg
142,1,18,HAMPSHIRE01,56,1st Hampshire,MIDDLEFIELD,183,25015,Hampshire,Middlefield
143,1,18,HAMPSHIRE01,56,1st Hampshire,NORTHAMPTON,214,25015,Hampshire,Northampton
144,1,18,HAMPSHIRE01,56,1st Hampshire,EASTHAMPTON,87,25015,Hampshire,Easthampton
145,1,18,HAMPSHIRE01,56,1st Hampshire,WORTHINGTON,349,25015,Hampshire,Worthington
146,1,18,HAMPSHIRE01,56,1st Hampshire,PLAINFIELD,237,25015,Hampshire,Plainfield
147,1,18,HAMPSHIRE01,56,1st Hampshire,GOSHEN,108,25015,Hampshire,Goshen
148,1,18,HAMPSHIRE01,56,1st Hampshire,CUMMINGTON,69,25015,Hampshire,Cummington
149,1,18,HAMPSHIRE01,56,1st Hampshire,PERU,233,25003,Berkshire,Peru
150,1,18,HAMPSHIRE01,56,1st Hampshire,HADLEY,117,25015,Hampshire,Hadley
151,1,18,HAMPSHIRE01,56,1st Hampshire,WINDSOR,345,25003,Berkshire,Windsor
152,1,18,HAMPSHIRE01,56,1st Hampshire,SAVOY,263,25003,Berkshire,Savoy
153,1,18,HAMPSHIRE01,56,1st Hampshire,HATFIELD,127,25015,Hampshire,Hatfield
154,1,18,HAMPSHIRE01,56,1st Hampshire,WESTHAMPTON,331,25015,Hampshire,Westhampton
155,1,18,HAMPSHIRE01,56,1st Hampshire,HUNTINGTON,143,25015,Hampshire,Huntington
156,1,19,ESSEX14,37,14th Essex,ROWLEY,254,25009,Essex,Rowley
157,1,19,ESSEX14,37,14th Essex,WEST NEWBURY,324,25009,Essex,West Newbury
158,1,19,ESSEX14,37,14th Essex,SALISBURY,259,25009,Essex,Salisbury
159,1,19,ESSEX14,37,14th Essex,NEWBURYPORT,206,25009,Essex,Newburyport
160,1,19,ESSEX14,37,14th Essex,IPSWICH,144,25009,Essex,Ipswich
161,1,19,ESSEX14,37,14th Essex,NEWBURY,205,25009,Essex,Newbury
162,1,19,ESSEX14,37,14th Essex,AMESBURY,7,25009,Essex,Amesbury
163,1,19,ESSEX14,37,14th Essex,TOPSFIELD,298,25009,Essex,Topsfield
164,1,19,ESSEX14,37,14th Essex,GROVELAND,116,25009,Essex,Groveland
165,1,19,ESSEX14,37,14th Essex,LAWRENCE,149,25009,Essex,Lawrence
166,1,19,ESSEX14,37,14th Essex,HAVERHILL,128,25009,Essex,Haverhill
167,1,19,ESSEX14,37,14th Essex,MERRIMAC,180,25009,Essex,Merrimac
168,1,19,ESSEX14,37,14th Essex,GEORGETOWN,105,25009,Essex,Georgetown
169,1,19,ESSEX14,37,14th Essex,ANDOVER,9,25009,Essex,Andover
170,1,19,ESSEX14,37,14th Essex,NORTH ANDOVER,210,25009,Essex,North Andover
171,1,19,ESSEX14,37,14th Essex,BOXFORD,38,25009,Essex,Boxford
172,1,20,ESSEX07,30,7th Essex,DANVERS,71,25009,Essex,Danvers
173,1,20,ESSEX07,30,7th Essex,PEABODY,229,25009,Essex,Peabody
174,1,20,ESSEX07,30,7th Essex,SWAMPSCOTT,291,25009,Essex,Swampscott
175,1,20,ESSEX07,30,7th Essex,SALEM,258,25009,Essex,Salem
176,1,20,ESSEX07,30,7th Essex,LYNN,163,25009,Essex,Lynn
177,1,20,ESSEX07,30,7th Essex,MARBLEHEAD,168,25009,Essex,Marblehead
178,1,21,BARN02,2,2nd Barnstable,YARMOUTH,351,25001,Barnstable,Yarmouth
179,1,21,BARN02,2,2nd Barnstable,BARNSTABLE,20,25001,Barnstable,Barnstable
180,1,21,BARN02,2,2nd Barnstable,MASHPEE,172,25001,Barnstable,Mashpee
181,1,22,HAMPDEN11,54,11th Hampden,EAST LONGMEADOW,85,25013,Hampden,East Longmeadow
182,1,22,HAMPDEN11,54,11th Hampden,SPRINGFIELD,281,25013,Hampden,Springfield
183,1,23,HAMPSHIRE02,57,2nd Hampshire,SOUTHAMPTON,276,25015,Hampshire,Southampton
184,1,23,HAMPSHIRE02,57,2nd Hampshire,HOLYOKE,137,25013,Hampden,Holyoke
185,1,23,HAMPSHIRE02,57,2nd Hampshire,WHATELY,337,25011,Franklin,Whately
186,1,23,HAMPSHIRE02,57,2nd Hampshire,NORTHAMPTON,214,25015,Hampshire,Northampton
187,1,23,HAMPSHIRE02,57,2nd Hampshire,EASTHAMPTON,87,25015,Hampshire,Easthampton
188,1,23,HAMPSHIRE02,57,2nd Hampshire,SOUTH HADLEY,275,25015,Hampshire,South Hadley
189,1,23,HAMPSHIRE02,57,2nd Hampshire,GRANBY,111,25015,Hampshire,Granby
190,1,23,HAMPSHIRE02,57,2nd Hampshire,HADLEY,117,25015,Hampshire,Hadley
191,1,23,HAMPSHIRE02,57,2nd Hampshire,AMHERST,8,25015,Hampshire,Amherst
192,1,23,HAMPSHIRE02,57,2nd Hampshire,BELCHERTOWN,24,25015,Hampshire,Belchertown
193,1,23,HAMPSHIRE02,57,2nd Hampshire,SUNDERLAND,289,25011,Franklin,Sunderland
194,1,23,HAMPSHIRE02,57,2nd Hampshire,HATFIELD,127,25015,Hampshire,Hatfield
195,1,23,HAMPSHIRE02,57,2nd Hampshire,WESTHAMPTON,331,25015,Hampshire,Westhampton
196,1,23,HAMPSHIRE02,57,2nd Hampshire,CHICOPEE,61,25013,Hampden,Chicopee
197,1,23,HAMPSHIRE02,57,2nd Hampshire,LUDLOW,161,25013,Hampden,Ludlow
198,1,24,WOR18,159,18th Worcester,SUTTON,290,25027,Worcester,Sutton
199,1,24,WOR18,159,18th Worcester,WEBSTER,316,25027,Worcester,Webster
200,1,24,WOR18,159,18th Worcester,DOUGLAS,77,25027,Worcester,Douglas
201,1,24,WOR18,159,18th Worcester,NORTHBRIDGE,216,25027,Worcester,Northbridge
202,1,24,WOR18,159,18th Worcester,MILLBURY,186,25027,Worcester,Millbury
203,1,24,WOR18,159,18th Worcester,DUDLEY,80,25027,Worcester,Dudley
204,1,24,WOR18,159,18th Worcester,UXBRIDGE,304,25027,Worcester,Uxbridge
205,1,24,WOR18,159,18th Worcester,OXFORD,226,25027,Worcester,Oxford
206,1,24,WOR18,159,18th Worcester,CHARLTON,54,25027,Worcester,Charlton
207,1,24,WOR18,159,18th Worcester,GRAFTON,110,25027,Worcester,Grafton
208,1,25,WOR02,143,2nd Worcester,WESTMINSTER,332,25027,Worcester,Westminster
209,1,25,WOR02,143,2nd Worcester,GARDNER,103,25027,Worcester,Gardner
210,1,25,WOR02,143,2nd Worcester,ASHBURNHAM,11,25027,Worcester,Ashburnham
211,1,25,WOR02,143,2nd Worcester,FITCHBURG,97,25027,Worcester,Fitchburg
212,1,25,WOR02,143,2nd Worcester,ASHBY,12,25017,Middlesex,Ashby
213,1,25,WOR02,143,2nd Worcester,PHILLIPSTON,235,25027,Worcester,Phillipston
214,1,25,WOR02,143,2nd Worcester,TEMPLETON,294,25027,Worcester,Templeton
215,1,25,WOR02,143,2nd Worcester,WINCHENDON,343,25027,Worcester,Winchendon
216,1,25,WOR02,143,2nd Worcester,ROYALSTON,255,25027,Worcester,Royalston
217,1,25,WOR02,143,2nd Worcester,HUBBARDSTON,140,25027,Worcester,Hubbardston
218,1,26,NORFOLK09,104,9th Norfolk,MILLIS,187,25021,Norfolk,Millis
219,1,26,NORFOLK09,104,9th Norfolk,MEDFIELD,175,25021,Norfolk,Medfield
220,1,26,NORFOLK09,104,9th Norfolk,MEDWAY,177,25021,Norfolk,Medway
221,1,26,NORFOLK09,104,9th Norfolk,DOVER,78,25021,Norfolk,Dover
222,1,26,NORFOLK09,104,9th Norfolk,BELLINGHAM,25,25021,Norfolk,Bellingham
223,1,26,NORFOLK09,104,9th Norfolk,NORFOLK,208,25021,Norfolk,Norfolk
224,1,26,NORFOLK09,104,9th Norfolk,FOXBOROUGH,99,25021,Norfolk,Foxborough
225,1,26,NORFOLK09,104,9th Norfolk,FRANKLIN,101,25021,Norfolk,Franklin
226,1,26,NORFOLK09,104,9th Norfolk,WRENTHAM,350,25021,Norfolk,Wrentham
227,1,26,NORFOLK09,104,9th Norfolk,WALPOLE,307,25021,Norfolk,Walpole
228,1,26,NORFOLK09,104,9th Norfolk,NORTH ATTLEBOROUGH,211,25005,Bristol,North Attleborough
229,1,26,NORFOLK09,104,9th Norfolk,PLAINVILLE,238,25021,Norfolk,Plainville
230,1,26,NORFOLK09,104,9th Norfolk,MANSFIELD,167,25005,Bristol,Mansfield
231,1,27,MIDDLE20,78,20th Middlesex,DANVERS,71,25009,Essex,Danvers
232,1,27,MIDDLE20,78,20th Middlesex,WILMINGTON,342,25017,Middlesex,Wilmington
233,1,27,MIDDLE20,78,20th Middlesex,READING,246,25017,Middlesex,Reading
234,1,27,MIDDLE20,78,20th Middlesex,MIDDLETON,184,25009,Essex,Middleton
235,1,27,MIDDLE20,78,20th Middlesex,LYNNFIELD,164,25009,Essex,Lynnfield
236,1,27,MIDDLE20,78,20th Middlesex,ANDOVER,9,25009,Essex,Andover
237,1,27,MIDDLE20,78,20th Middlesex,NORTH ANDOVER,210,25009,Essex,North Andover
238,1,27,MIDDLE20,78,20th Middlesex,BOXFORD,38,25009,Essex,Boxford
239,1,27,MIDDLE20,78,20th Middlesex,NORTH READING,213,25017,Middlesex,North Reading
240,1,27,MIDDLE20,78,20th Middlesex,PEABODY,229,25009,Essex,Peabody
241,1,27,MIDDLE20,78,20th Middlesex,SAUGUS,262,25009,Essex,Saugus
242,1,27,MIDDLE20,78,20th Middlesex,LYNN,163,25009,Essex,Lynn
243,1,27,MIDDLE20,78,20th Middlesex,WAKEFIELD,305,25017,Middlesex,Wakefield
244,1,28,NORFOLK10,105,10th Norfolk,MILLIS,187,25021,Norfolk,Millis
245,1,28,NORFOLK10,105,10th Norfolk,MEDWAY,177,25021,Norfolk,Medway
246,1,28,NORFOLK10,105,10th Norfolk,HOLLISTON,136,25017,Middlesex,Holliston
247,1,28,NORFOLK10,105,10th Norfolk,BELLINGHAM,25,25021,Norfolk,Bellingham
248,1,28,NORFOLK10,105,10th Norfolk,NORFOLK,208,25021,Norfolk,Norfolk
249,1,28,NORFOLK10,105,10th Norfolk,FRANKLIN,101,25021,Norfolk,Franklin
250,1,28,NORFOLK10,105,10th Norfolk,WRENTHAM,350,25021,Norfolk,Wrentham
251,1,29,BRISTOL03,12,3rd Bristol,EASTON,88,25005,Bristol,Easton
252,1,29,BRISTOL03,12,3rd Bristol,TAUNTON,293,25005,Bristol,Taunton
253,1,29,BRISTOL03,12,3rd Bristol,RAYNHAM,245,25005,Bristol,Raynham
254,1,29,BRISTOL03,12,3rd Bristol,DIGHTON,76,25005,Bristol,Dighton
255,1,29,BRISTOL03,12,3rd Bristol,NORTON,218,25005,Bristol,Norton
256,1,29,BRISTOL03,12,3rd Bristol,MANSFIELD,167,25005,Bristol,Mansfield
257,1,29,BRISTOL03,12,3rd Bristol,REHOBOTH,247,25005,Bristol,Rehoboth
258,1,30,NORFOLK08,103,8th Norfolk,CANTON,50,25021,Norfolk,Canton
259,1,30,NORFOLK08,103,8th Norfolk,NORWOOD,220,25021,Norfolk,Norwood
260,1,30,NORFOLK08,103,8th Norfolk,EASTON,88,25005,Bristol,Easton
261,1,30,NORFOLK08,103,8th Norfolk,AVON,18,25021,Norfolk,Avon
262,1,30,NORFOLK08,103,8th Norfolk,FOXBOROUGH,99,25021,Norfolk,Foxborough
263,1,30,NORFOLK08,103,8th Norfolk,BROCKTON,44,25023,Plymouth,Brockton
264,1,30,NORFOLK08,103,8th Norfolk,STOUGHTON,285,25021,Norfolk,Stoughton
265,1,30,NORFOLK08,103,8th Norfolk,WALPOLE,307,25021,Norfolk,Walpole
266,1,30,NORFOLK08,103,8th Norfolk,SHARON,266,25021,Norfolk,Sharon
267,1,30,NORFOLK08,103,8th Norfolk,MANSFIELD,167,25005,Bristol,Mansfield
268,1,31,NORFOLK14,109,14th Norfolk,NEWTON,207,25017,Middlesex,Newton
269,1,31,NORFOLK14,109,14th Norfolk,NEEDHAM,199,25021,Norfolk,Needham
270,1,31,NORFOLK14,109,14th Norfolk,WELLESLEY,317,25021,Norfolk,Wellesley
271,1,31,NORFOLK14,109,14th Norfolk,NATICK,198,25017,Middlesex,Natick
272,1,31,NORFOLK14,109,14th Norfolk,WESTON,333,25017,Middlesex,Weston
273,1,31,NORFOLK14,109,14th Norfolk,WAYLAND,315,25017,Middlesex,Wayland
274,1,31,NORFOLK14,109,14th Norfolk,WALTHAM,308,25017,Middlesex,Waltham
275,1,31,NORFOLK14,109,14th Norfolk,DOVER,78,25021,Norfolk,Dover
276,1,31,NORFOLK14,109,14th Norfolk,LEXINGTON,155,25017,Middlesex,Lexington
277,1,31,NORFOLK14,109,14th Norfolk,CONCORD,67,25017,Middlesex,Concord
278,1,31,NORFOLK14,109,14th Norfolk,LINCOLN,157,25017,Middlesex,Lincoln
279,1,31,NORFOLK14,109,14th Norfolk,BEDFORD,23,25017,Middlesex,Bedford
280,1,32,MIDDLE23,81,23rd Middlesex,MEDFORD,176,25017,Middlesex,Medford
281,1,32,MIDDLE23,81,23rd Middlesex,SOMERVILLE,274,25017,Middlesex,Somerville
282,1,32,MIDDLE23,81,23rd Middlesex,BELMONT,26,25017,Middlesex,Belmont
283,1,32,MIDDLE23,81,23rd Middlesex,ARLINGTON,10,25017,Middlesex,Arlington
284,1,32,MIDDLE23,81,23rd Middlesex,WINCHESTER,344,25017,Middlesex,Winchester
285,1,32,MIDDLE23,81,23rd Middlesex,CAMBRIDGE,49,25017,Middlesex,Cambridge
286,1,32,MIDDLE23,81,23rd Middlesex,LEXINGTON,155,25017,Middlesex,Lexington
287,1,33,SUFFOLK18,140,18th Suffolk,CAMBRIDGE,49,25017,Middlesex,Cambridge
288,1,33,SUFFOLK18,140,18th Suffolk,BROOKLINE,46,25021,Norfolk,Brookline
289,1,33,SUFFOLK18,140,18th Suffolk,NEWTON,207,25017,Middlesex,Newton
290,1,33,SUFFOLK18,140,18th Suffolk,BOSTON,35,25025,Suffolk,Boston
291,1,34,MIDDLE37,95,37th Middlesex,SUDBURY,288,25017,Middlesex,Sudbury
292,1,34,MIDDLE37,95,37th Middlesex,AYER,19,25017,Middlesex,Ayer
293,1,34,MIDDLE37,95,37th Middlesex,CONCORD,67,25017,Middlesex,Concord
294,1,34,MIDDLE37,95,37th Middlesex,GROTON,115,25017,Middlesex,Groton
295,1,34,MIDDLE37,95,37th Middlesex,LITTLETON,158,25017,Middlesex,Littleton
296,1,34,MIDDLE37,95,37th Middlesex,STOW,286,25017,Middlesex,Stow
297,1,34,MIDDLE37,95,37th Middlesex,ACTON,2,25017,Middlesex,Acton
298,1,34,MIDDLE37,95,37th Middlesex,MAYNARD,174,25017,Middlesex,Maynard
299,1,34,MIDDLE37,95,37th Middlesex,BOXBOROUGH,37,25017,Middlesex,Boxborough
300,1,34,MIDDLE37,95,37th Middlesex,PEPPERELL,232,25017,Middlesex,Pepperell
301,1,34,MIDDLE37,95,37th Middlesex,LANCASTER,147,25027,Worcester,Lancaster
302,1,34,MIDDLE37,95,37th Middlesex,LUNENBURG,162,25027,Worcester,Lunenburg
303,1,34,MIDDLE37,95,37th Middlesex,BOLTON,34,25027,Worcester,Bolton
304,1,34,MIDDLE37,95,37th Middlesex,TOWNSEND,299,25017,Middlesex,Townsend
305,1,34,MIDDLE37,95,37th Middlesex,HARVARD,125,25027,Worcester,Harvard
306,1,34,MIDDLE37,95,37th Middlesex,SHIRLEY,270,25017,Middlesex,Shirley
307,1,35,BRISTOL09,18,9th Bristol,ACUSHNET,3,25005,Bristol,Acushnet
308,1,35,BRISTOL09,18,9th Bristol,WESTPORT,334,25005,Bristol,Westport
309,1,35,BRISTOL09,18,9th Bristol,FALL RIVER,95,25005,Bristol,Fall River
310,1,35,BRISTOL09,18,9th Bristol,NEW BEDFORD,201,25005,Bristol,New Bedford
311,1,35,BRISTOL09,18,9th Bristol,DARTMOUTH,72,25005,Bristol,Dartmouth
312,1,35,BRISTOL09,18,9th Bristol,FREETOWN,102,25005,Bristol,Freetown
313,1,36,PLY10,120,10th Plymouth,EAST BRIDGEWATER,83,25023,Plymouth,East Bridgewater
314,1,36,PLY10,120,10th Plymouth,HOLBROOK,133,25021,Norfolk,Holbrook
315,1,36,PLY10,120,10th Plymouth,AVON,18,25021,Norfolk,Avon
316,1,36,PLY10,120,10th Plymouth,ABINGTON,1,25023,Plymouth,Abington
317,1,36,PLY10,120,10th Plymouth,WHITMAN,338,25023,Plymouth,Whitman
318,1,36,PLY10,120,10th Plymouth,BROCKTON,44,25023,Plymouth,Brockton
319,1,36,PLY10,120,10th Plymouth,WEST BRIDGEWATER,322,25023,Plymouth,West Bridgewater
320,1,37,NORFOLK03,98,3rd Norfolk,QUINCY,243,25021,Norfolk,Quincy
321,1,37,NORFOLK03,98,3rd Norfolk,WEYMOUTH,336,25021,Norfolk,Weymouth
322,1,37,NORFOLK03,98,3rd Norfolk,RANDOLPH,244,25021,Norfolk,Randolph
323,1,37,NORFOLK03,98,3rd Norfolk,BRAINTREE,40,25021,Norfolk,Braintree
324,1,37,NORFOLK03,98,3rd Norfolk,HOLBROOK,133,25021,Norfolk,Holbrook
325,1,37,NORFOLK03,98,3rd Norfolk,AVON,18,25021,Norfolk,Avon
326,1,37,NORFOLK03,98,3rd Norfolk,ABINGTON,1,25023,Plymouth,Abington
327,1,37,NORFOLK03,98,3rd Norfolk,BROCKTON,44,25023,Plymouth,Brockton
328,1,38,MIDDLE21,79,21st Middlesex,WILMINGTON,342,25017,Middlesex,Wilmington
329,1,38,MIDDLE21,79,21st Middlesex,BURLINGTON,48,25017,Middlesex,Burlington
330,1,38,MIDDLE21,79,21st Middlesex,WOBURN,347,25017,Middlesex,Woburn
331,1,38,MIDDLE21,79,21st Middlesex,LEXINGTON,155,25017,Middlesex,Lexington
332,1,38,MIDDLE21,79,21st Middlesex,CONCORD,67,25017,Middlesex,Concord
333,1,38,MIDDLE21,79,21st Middlesex,BILLERICA,31,25017,Middlesex,Billerica
334,1,38,MIDDLE21,79,21st Middlesex,CARLISLE,51,25017,Middlesex,Carlisle
335,1,38,MIDDLE21,79,21st Middlesex,LINCOLN,157,25017,Middlesex,Lincoln
336,1,38,MIDDLE21,79,21st Middlesex,BEDFORD,23,25017,Middlesex,Bedford
337,1,39,MIDDLE12,70,12th Middlesex,BROOKLINE,46,25021,Norfolk,Brookline
338,1,39,MIDDLE12,70,12th Middlesex,NEWTON,207,25017,Middlesex,Newton
339,1,39,MIDDLE12,70,12th Middlesex,BOSTON,35,25025,Suffolk,Boston
340,1,39,MIDDLE12,70,12th Middlesex,NEEDHAM,199,25021,Norfolk,Needham
341,1,39,MIDDLE12,70,12th Middlesex,WELLESLEY,317,25021,Norfolk,Wellesley
342,1,40,SUFFOLK10,132,10th Suffolk,BROOKLINE,46,25021,Norfolk,Brookline
343,1,40,SUFFOLK10,132,10th Suffolk,DEDHAM,73,25021,Norfolk,Dedham
344,1,40,SUFFOLK10,132,10th Suffolk,NEWTON,207,25017,Middlesex,Newton
345,1,40,SUFFOLK10,132,10th Suffolk,BOSTON,35,25025,Suffolk,Boston
346,1,40,SUFFOLK10,132,10th Suffolk,NEEDHAM,199,25021,Norfolk,Needham
347,1,41,PLY08,118,8th Plymouth,EASTON,88,25005,Bristol,Easton
348,1,41,PLY08,118,8th Plymouth,EAST BRIDGEWATER,83,25023,Plymouth,East Bridgewater
349,1,41,PLY08,118,8th Plymouth,WEST BRIDGEWATER,322,25023,Plymouth,West Bridgewater
350,1,41,PLY08,118,8th Plymouth,MIDDLEBOROUGH,182,25023,Plymouth,Middleborough
351,1,41,PLY08,118,8th Plymouth,HALIFAX,118,25023,Plymouth,Halifax
352,1,41,PLY08,118,8th Plymouth,TAUNTON,293,25005,Bristol,Taunton
353,1,41,PLY08,118,8th Plymouth,RAYNHAM,245,25005,Bristol,Raynham
354,1,41,PLY08,118,8th Plymouth,BRIDGEWATER,42,25023,Plymouth,Bridgewater
355,1,42,BARN01,1,1st Barnstable,BREWSTER,41,25001,Barnstable,Brewster
356,1,42,BARN01,1,1st Barnstable,HARWICH,126,25001,Barnstable,Harwich
357,1,42,BARN01,1,1st Barnstable,YARMOUTH,351,25001,Barnstable,Yarmouth
358,1,42,BARN01,1,1st Barnstable,DENNIS,75,25001,Barnstable,Dennis
359,1,42,BARN01,1,1st Barnstable,ORLEANS,224,25001,Barnstable,Orleans
360,1,42,BARN01,1,1st Barnstable,BARNSTABLE,20,25001,Barnstable,Barnstable
361,1,43,NORFOLK13,108,13th Norfolk,DEDHAM,73,25021,Norfolk,Dedham
362,1,43,NORFOLK13,108,13th Norfolk,NEWTON,207,25017,Middlesex,Newton
363,1,43,NORFOLK13,108,13th Norfolk,BOSTON,35,25025,Suffolk,Boston
364,1,43,NORFOLK13,108,13th Norfolk,WESTWOOD,335,25021,Norfolk,Westwood
365,1,43,NORFOLK13,108,13th Norfolk,MILLIS,187,25021,Norfolk,Millis
366,1,43,NORFOLK13,108,13th Norfolk,NEEDHAM,199,25021,Norfolk,Needham
367,1,43,NORFOLK13,108,13th Norfolk,WELLESLEY,317,25021,Norfolk,Wellesley
368,1,43,NORFOLK13,108,13th Norfolk,MEDFIELD,175,25021,Norfolk,Medfield
369,1,43,NORFOLK13,108,13th Norfolk,NATICK,198,25017,Middlesex,Natick
370,1,43,NORFOLK13,108,13th Norfolk,SHERBORN,269,25017,Middlesex,Sherborn
371,1,43,NORFOLK13,108,13th Norfolk,DOVER,78,25021,Norfolk,Dover
372,1,43,NORFOLK13,108,13th Norfolk,WALPOLE,307,25021,Norfolk,Walpole
373,1,44,MIDDLE36,94,36th Middlesex,METHUEN,181,25009,Essex,Methuen
374,1,44,MIDDLE36,94,36th Middlesex,TYNGSBOROUGH,301,25017,Middlesex,Tyngsborough
375,1,44,MIDDLE36,94,36th Middlesex,WESTFORD,330,25017,Middlesex,Westford
376,1,44,MIDDLE36,94,36th Middlesex,GROTON,115,25017,Middlesex,Groton
377,1,44,MIDDLE36,94,36th Middlesex,DUNSTABLE,81,25017,Middlesex,Dunstable
378,1,44,MIDDLE36,94,36th Middlesex,CHELMSFORD,56,25017,Middlesex,Chelmsford
379,1,44,MIDDLE36,94,36th Middlesex,DRACUT,79,25017,Middlesex,Dracut
380,1,44,MIDDLE36,94,36th Middlesex,LOWELL,160,25017,Middlesex,Lowell
381,1,45,MIDDLE17,75,17th Middlesex,BILLERICA,31,25017,Middlesex,Billerica
382,1,45,MIDDLE17,75,17th Middlesex,CHELMSFORD,56,25017,Middlesex,Chelmsford
383,1,45,MIDDLE17,75,17th Middlesex,TEWKSBURY,295,25017,Middlesex,Tewksbury
384,1,45,MIDDLE17,75,17th Middlesex,LOWELL,160,25017,Middlesex,Lowell
385,1,46,ESSEX03,26,3rd Essex,GROVELAND,116,25009,Essex,Groveland
386,1,46,ESSEX03,26,3rd Essex,HAVERHILL,128,25009,Essex,Haverhill
387,1,46,ESSEX03,26,3rd Essex,MERRIMAC,180,25009,Essex,Merrimac
388,1,46,ESSEX03,26,3rd Essex,BOXFORD,38,25009,Essex,Boxford
389,1,47,HAMPDEN01,44,1st Hampden,CHARLTON,54,25027,Worcester,Charlton
390,1,47,HAMPDEN01,44,1st Hampden,HARDWICK,124,25027,Worcester,Hardwick
391,1,47,HAMPDEN01,44,1st Hampden,PETERSHAM,234,25027,Worcester,Petersham
392,1,47,HAMPDEN01,44,1st Hampden,NEW SALEM,204,25011,Franklin,New Salem
393,1,47,HAMPDEN01,44,1st Hampden,EAST BROOKFIELD,84,25027,Worcester,East Brookfield
394,1,47,HAMPDEN01,44,1st Hampden,BRIMFIELD,43,25013,Hampden,Brimfield
395,1,47,HAMPDEN01,44,1st Hampden,WARREN,311,25027,Worcester,Warren
396,1,47,HAMPDEN01,44,1st Hampden,HOLLAND,135,25013,Hampden,Holland
397,1,47,HAMPDEN01,44,1st Hampden,WARE,309,25015,Hampshire,Ware
398,1,47,HAMPDEN01,44,1st Hampden,WEST BROOKFIELD,323,25027,Worcester,West Brookfield
399,1,47,HAMPDEN01,44,1st Hampden,MONSON,191,25013,Hampden,Monson
400,1,47,HAMPDEN01,44,1st Hampden,WALES,306,25013,Hampden,Wales
401,1,47,HAMPDEN01,44,1st Hampden,PALMER,227,25013,Hampden,Palmer
402,1,47,HAMPDEN01,44,1st Hampden,STURBRIDGE,287,25027,Worcester,Sturbridge
403,1,47,HAMPDEN01,44,1st Hampden,BROOKFIELD,45,25027,Worcester,Brookfield
404,1,47,HAMPDEN01,44,1st Hampden,SOUTHBRIDGE,278,25027,Worcester,Southbridge
405,1,47,HAMPDEN01,44,1st Hampden,BELCHERTOWN,24,25015,Hampshire,Belchertown
406,1,47,HAMPDEN01,44,1st Hampden,WILBRAHAM,339,25013,Hampden,Wilbraham
407,1,47,HAMPDEN01,44,1st Hampden,LUDLOW,161,25013,Hampden,Ludlow
408,1,48,MIDDLE13,71,13th Middlesex,MARLBOROUGH,170,25017,Middlesex,Marlborough
409,1,48,MIDDLE13,71,13th Middlesex,HUDSON,141,25017,Middlesex,Hudson
410,1,48,MIDDLE13,71,13th Middlesex,NATICK,198,25017,Middlesex,Natick
411,1,48,MIDDLE13,71,13th Middlesex,WESTON,333,25017,Middlesex,Weston
412,1,48,MIDDLE13,71,13th Middlesex,FRAMINGHAM,100,25017,Middlesex,Framingham
413,1,48,MIDDLE13,71,13th Middlesex,WAYLAND,315,25017,Middlesex,Wayland
414,1,48,MIDDLE13,71,13th Middlesex,SUDBURY,288,25017,Middlesex,Sudbury
415,1,48,MIDDLE13,71,13th Middlesex,CONCORD,67,25017,Middlesex,Concord
416,1,48,MIDDLE13,71,13th Middlesex,STOW,286,25017,Middlesex,Stow
417,1,48,MIDDLE13,71,13th Middlesex,LINCOLN,157,25017,Middlesex,Lincoln
418,1,48,MIDDLE13,71,13th Middlesex,MAYNARD,174,25017,Middlesex,Maynard
419,1,48,MIDDLE13,71,13th Middlesex,BEDFORD,23,25017,Middlesex,Bedford
420,1,49,BRISTOL06,15,6th Bristol,FALL RIVER,95,25005,Bristol,Fall River
421,1,49,BRISTOL06,15,6th Bristol,LAKEVILLE,146,25023,Plymouth,Lakeville
422,1,49,BRISTOL06,15,6th Bristol,BERKLEY,27,25005,Bristol,Berkley
423,1,49,BRISTOL06,15,6th Bristol,FREETOWN,102,25005,Bristol,Freetown
424,1,50,BRISTOL11,20,11th Bristol,ACUSHNET,3,25005,Bristol,Acushnet
425,1,50,BRISTOL11,20,11th Bristol,NEW BEDFORD,201,25005,Bristol,New Bedford
426,1,51,BRISTOL12,21,12th Bristol,ROCHESTER,250,25023,Plymouth,Rochester
427,1,51,BRISTOL12,21,12th Bristol,CARVER,52,25023,Plymouth,Carver
428,1,51,BRISTOL12,21,12th Bristol,PLYMPTON,240,25023,Plymouth,Plympton
429,1,51,BRISTOL12,21,12th Bristol,MIDDLEBOROUGH,182,25023,Plymouth,Middleborough
430,1,51,BRISTOL12,21,12th Bristol,TAUNTON,293,25005,Bristol,Taunton
431,1,51,BRISTOL12,21,12th Bristol,RAYNHAM,245,25005,Bristol,Raynham
432,1,51,BRISTOL12,21,12th Bristol,DIGHTON,76,25005,Bristol,Dighton
433,1,51,BRISTOL12,21,12th Bristol,LAKEVILLE,146,25023,Plymouth,Lakeville
434,1,51,BRISTOL12,21,12th Bristol,BERKLEY,27,25005,Bristol,Berkley
435,1,51,BRISTOL12,21,12th Bristol,FREETOWN,102,25005,Bristol,Freetown
436,1,52,BRISTOL10,19,10th Bristol,MARION,169,25023,Plymouth,Marion
437,1,52,BRISTOL10,19,10th Bristol,ROCHESTER,250,25023,Plymouth,Rochester
438,1,52,BRISTOL10,19,10th Bristol,ACUSHNET,3,25005,Bristol,Acushnet
439,1,52,BRISTOL10,19,10th Bristol,FAIRHAVEN,94,25005,Bristol,Fairhaven
440,1,52,BRISTOL10,19,10th Bristol,WAREHAM,310,25023,Plymouth,Wareham
441,1,52,BRISTOL10,19,10th Bristol,MIDDLEBOROUGH,182,25023,Plymouth,Middleborough
442,1,52,BRISTOL10,19,10th Bristol,MATTAPOISETT,173,25023,Plymouth,Mattapoisett
443,1,52,BRISTOL10,19,10th Bristol,NEW BEDFORD,201,25005,Bristol,New Bedford
444,1,52,BRISTOL10,19,10th Bristol,LAKEVILLE,146,25023,Plymouth,Lakeville
445,1,52,BRISTOL10,19,10th Bristol,FREETOWN,102,25005,Bristol,Freetown
446,1,53,BRISTOL13,22,13th Bristol,NEW BEDFORD,201,25005,Bristol,New Bedford
447,1,53,BRISTOL13,22,13th Bristol,DARTMOUTH,72,25005,Bristol,Dartmouth
448,1,54,SUFFOLK16,138,16th Suffolk,EVERETT,93,25017,Middlesex,Everett
449,1,54,SUFFOLK16,138,16th Suffolk,SAUGUS,262,25009,Essex,Saugus
450,1,54,SUFFOLK16,138,16th Suffolk,LYNN,163,25009,Essex,Lynn
451,1,54,SUFFOLK16,138,16th Suffolk,CHELSEA,57,25025,Suffolk,Chelsea
452,1,54,SUFFOLK16,138,16th Suffolk,MELROSE,178,25017,Middlesex,Melrose
453,1,54,SUFFOLK16,138,16th Suffolk,REVERE,248,25025,Suffolk,Revere
454,1,54,SUFFOLK16,138,16th Suffolk,MALDEN,165,25017,Middlesex,Malden
455,1,54,SUFFOLK16,138,16th Suffolk,BOSTON,35,25025,Suffolk,Boston
456,1,55,MIDDLE11,69,11th Middlesex,NEWTON,207,25017,Middlesex,Newton
457,1,55,MIDDLE11,69,11th Middlesex,BOSTON,35,25025,Suffolk,Boston
458,1,55,MIDDLE11,69,11th Middlesex,WATERTOWN,314,25017,Middlesex,Watertown
459,1,55,MIDDLE11,69,11th Middlesex,WELLESLEY,317,25021,Norfolk,Wellesley
460,1,55,MIDDLE11,69,11th Middlesex,WESTON,333,25017,Middlesex,Weston
461,1,55,MIDDLE11,69,11th Middlesex,WALTHAM,308,25017,Middlesex,Waltham
462,1,56,BRISTOL02,11,2nd Bristol,NORTH ATTLEBOROUGH,211,25005,Bristol,North Attleborough
463,1,56,BRISTOL02,11,2nd Bristol,SEEKONK,265,25005,Bristol,Seekonk
464,1,56,BRISTOL02,11,2nd Bristol,NORTON,218,25005,Bristol,Norton
465,1,56,BRISTOL02,11,2nd Bristol,REHOBOTH,247,25005,Bristol,Rehoboth
466,1,56,BRISTOL02,11,2nd Bristol,ATTLEBORO,16,25005,Bristol,Attleboro
467,1,57,MIDDLE29,87,29th Middlesex,SOMERVILLE,274,25017,Middlesex,Somerville
468,1,57,MIDDLE29,87,29th Middlesex,BELMONT,26,25017,Middlesex,Belmont
469,1,57,MIDDLE29,87,29th Middlesex,CAMBRIDGE,49,25017,Middlesex,Cambridge
470,1,57,MIDDLE29,87,29th Middlesex,NEWTON,207,25017,Middlesex,Newton
471,1,57,MIDDLE29,87,29th Middlesex,WATERTOWN,314,25017,Middlesex,Watertown
472,1,58,NORFOLK15,110,15th Norfolk,BROOKLINE,46,25021,Norfolk,Brookline
473,1,58,NORFOLK15,110,15th Norfolk,BOSTON,35,25025,Suffolk,Boston
474,1,59,MIDDLE31,89,31st Middlesex,READING,246,25017,Middlesex,Reading
475,1,59,MIDDLE31,89,31st Middlesex,MEDFORD,176,25017,Middlesex,Medford
476,1,59,MIDDLE31,89,31st Middlesex,ARLINGTON,10,25017,Middlesex,Arlington
477,1,59,MIDDLE31,89,31st Middlesex,STONEHAM,284,25017,Middlesex,Stoneham
478,1,59,MIDDLE31,89,31st Middlesex,WAKEFIELD,305,25017,Middlesex,Wakefield
479,1,59,MIDDLE31,89,31st Middlesex,MELROSE,178,25017,Middlesex,Melrose
480,1,59,MIDDLE31,89,31st Middlesex,WINCHESTER,344,25017,Middlesex,Winchester
481,1,59,MIDDLE31,89,31st Middlesex,WOBURN,347,25017,Middlesex,Woburn
482,1,59,MIDDLE31,89,31st Middlesex,MALDEN,165,25017,Middlesex,Malden
483,1,59,MIDDLE31,89,31st Middlesex,LEXINGTON,155,25017,Middlesex,Lexington
484,1,60,SUFFOLK09,131,9th Suffolk,BOSTON,35,25025,Suffolk,Boston
485,1,61,NORFOLK01,96,1st Norfolk,QUINCY,243,25021,Norfolk,Quincy
486,1,61,NORFOLK01,96,1st Norfolk,RANDOLPH,244,25021,Norfolk,Randolph
487,1,61,NORFOLK01,96,1st Norfolk,MILTON,189,25021,Norfolk,Milton
488,1,61,NORFOLK01,96,1st Norfolk,BRAINTREE,40,25021,Norfolk,Braintree
489,1,61,NORFOLK01,96,1st Norfolk,HOLBROOK,133,25021,Norfolk,Holbrook
490,1,62,SUFFOLK19,141,19th Suffolk,REVERE,248,25025,Suffolk,Revere
491,1,62,SUFFOLK19,141,19th Suffolk,WINTHROP,346,25025,Suffolk,Winthrop
492,1,62,SUFFOLK19,141,19th Suffolk,BOSTON,35,25025,Suffolk,Boston
493,1,63,MIDDLE18,76,18th Middlesex,CHELMSFORD,56,25017,Middlesex,Chelmsford
494,1,63,MIDDLE18,76,18th Middlesex,LOWELL,160,25017,Middlesex,Lowell
495,1,64,ESSEX04,27,4th Essex,METHUEN,181,25009,Essex,Methuen
496,1,64,ESSEX04,27,4th Essex,LAWRENCE,149,25009,Essex,Lawrence
497,1,65,ESSEX15,38,15th Essex,METHUEN,181,25009,Essex,Methuen
498,1,65,ESSEX15,38,15th Essex,HAVERHILL,128,25009,Essex,Haverhill
499,1,65,ESSEX15,38,15th Essex,NORTH ANDOVER,210,25009,Essex,North Andover
500,1,65,ESSEX15,38,15th Essex,BOXFORD,38,25009,Essex,Boxford
501,1,65,ESSEX15,38,15th Essex,DRACUT,79,25017,Middlesex,Dracut
502,1,66,ESSEX02,25,2nd Essex,ESSEX,92,25009,Essex,Essex
503,1,66,ESSEX02,25,2nd Essex,HAMILTON,119,25009,Essex,Hamilton
504,1,66,ESSEX02,25,2nd Essex,ROWLEY,254,25009,Essex,Rowley
505,1,66,ESSEX02,25,2nd Essex,MANCHESTER,166,25009,Essex,Manchester
506,1,66,ESSEX02,25,2nd Essex,WENHAM,320,25009,Essex,Wenham
507,1,66,ESSEX02,25,2nd Essex,WEST NEWBURY,324,25009,Essex,West Newbury
508,1,66,ESSEX02,25,2nd Essex,NEWBURYPORT,206,25009,Essex,Newburyport
509,1,66,ESSEX02,25,2nd Essex,IPSWICH,144,25009,Essex,Ipswich
510,1,66,ESSEX02,25,2nd Essex,NEWBURY,205,25009,Essex,Newbury
511,1,66,ESSEX02,25,2nd Essex,DANVERS,71,25009,Essex,Danvers
512,1,66,ESSEX02,25,2nd Essex,TOPSFIELD,298,25009,Essex,Topsfield
513,1,66,ESSEX02,25,2nd Essex,GROVELAND,116,25009,Essex,Groveland
514,1,66,ESSEX02,25,2nd Essex,GEORGETOWN,105,25009,Essex,Georgetown
515,1,66,ESSEX02,25,2nd Essex,BOXFORD,38,25009,Essex,Boxford
516,1,67,PLY05,115,5th Plymouth,HINGHAM,131,25023,Plymouth,Hingham
517,1,67,PLY05,115,5th Plymouth,WEYMOUTH,336,25021,Norfolk,Weymouth
518,1,67,PLY05,115,5th Plymouth,NORWELL,219,25023,Plymouth,Norwell
519,1,67,PLY05,115,5th Plymouth,EAST BRIDGEWATER,83,25023,Plymouth,East Bridgewater
520,1,67,PLY05,115,5th Plymouth,ABINGTON,1,25023,Plymouth,Abington
521,1,67,PLY05,115,5th Plymouth,WHITMAN,338,25023,Plymouth,Whitman
522,1,67,PLY05,115,5th Plymouth,ROCKLAND,251,25023,Plymouth,Rockland
523,1,67,PLY05,115,5th Plymouth,PEMBROKE,231,25023,Plymouth,Pembroke
524,1,67,PLY05,115,5th Plymouth,MARSHFIELD,171,25023,Plymouth,Marshfield
525,1,67,PLY05,115,5th Plymouth,HANOVER,122,25023,Plymouth,Hanover
526,1,67,PLY05,115,5th Plymouth,HANSON,123,25023,Plymouth,Hanson
527,1,68,BERK01,7,1st Berkshire,HAWLEY,129,25011,Franklin,Hawley
528,1,68,BERK01,7,1st Berkshire,ROWE,253,25011,Franklin,Rowe
529,1,68,BERK01,7,1st Berkshire,MONROE,190,25011,Franklin,Monroe
530,1,68,BERK01,7,1st Berkshire,PITTSFIELD,236,25003,Berkshire,Pittsfield
531,1,68,BERK01,7,1st Berkshire,HANCOCK,121,25003,Berkshire,Hancock
532,1,68,BERK01,7,1st Berkshire,CHESHIRE,58,25003,Berkshire,Cheshire
533,1,68,BERK01,7,1st Berkshire,MIDDLEFIELD,183,25015,Hampshire,Middlefield
534,1,68,BERK01,7,1st Berkshire,WORTHINGTON,349,25015,Hampshire,Worthington
535,1,68,BERK01,7,1st Berkshire,PLAINFIELD,237,25015,Hampshire,Plainfield
536,1,68,BERK01,7,1st Berkshire,CUMMINGTON,69,25015,Hampshire,Cummington
537,1,68,BERK01,7,1st Berkshire,PERU,233,25003,Berkshire,Peru
538,1,68,BERK01,7,1st Berkshire,NORTH ADAMS,209,25003,Berkshire,North Adams
539,1,68,BERK01,7,1st Berkshire,LANESBOROUGH,148,25003,Berkshire,Lanesborough
540,1,68,BERK01,7,1st Berkshire,DALTON,70,25003,Berkshire,Dalton
541,1,68,BERK01,7,1st Berkshire,WINDSOR,345,25003,Berkshire,Windsor
542,1,68,BERK01,7,1st Berkshire,HINSDALE,132,25003,Berkshire,Hinsdale
543,1,68,BERK01,7,1st Berkshire,FLORIDA,98,25003,Berkshire,Florida
544,1,68,BERK01,7,1st Berkshire,CLARKSBURG,63,25003,Berkshire,Clarksburg
545,1,68,BERK01,7,1st Berkshire,SAVOY,263,25003,Berkshire,Savoy
546,1,68,BERK01,7,1st Berkshire,WILLIAMSTOWN,341,25003,Berkshire,Williamstown
547,1,68,BERK01,7,1st Berkshire,ADAMS,4,25003,Berkshire,Adams
548,1,68,BERK01,7,1st Berkshire,RICHMOND,249,25003,Berkshire,Richmond
549,1,68,BERK01,7,1st Berkshire,WASHINGTON,313,25003,Berkshire,Washington
550,1,68,BERK01,7,1st Berkshire,NEW ASHFORD,200,25003,Berkshire,New Ashford
551,1,68,BERK01,7,1st Berkshire,CHARLEMONT,53,25011,Franklin,Charlemont
552,1,69,HAMPDEN05,48,5th Hampden,SOUTHAMPTON,276,25015,Hampshire,Southampton
553,1,69,HAMPDEN05,48,5th Hampden,HOLYOKE,137,25013,Hampden,Holyoke
554,1,69,HAMPDEN05,48,5th Hampden,EASTHAMPTON,87,25015,Hampshire,Easthampton
555,1,69,HAMPDEN05,48,5th Hampden,SOUTH HADLEY,275,25015,Hampshire,South Hadley
556,1,69,HAMPDEN05,48,5th Hampden,WEST SPRINGFIELD,325,25013,Hampden,West Springfield
557,1,69,HAMPDEN05,48,5th Hampden,HADLEY,117,25015,Hampshire,Hadley
558,1,69,HAMPDEN05,48,5th Hampden,WESTFIELD,329,25013,Hampden,Westfield
559,1,69,HAMPDEN05,48,5th Hampden,CHICOPEE,61,25013,Hampden,Chicopee
560,1,70,HAMPDEN08,51,8th Hampden,HOLYOKE,137,25013,Hampden,Holyoke
561,1,70,HAMPDEN08,51,8th Hampden,SOUTH HADLEY,275,25015,Hampshire,South Hadley
562,1,70,HAMPDEN08,51,8th Hampden,GRANBY,111,25015,Hampshire,Granby
563,1,70,HAMPDEN08,51,8th Hampden,WEST SPRINGFIELD,325,25013,Hampden,West Springfield
564,1,70,HAMPDEN08,51,8th Hampden,CHICOPEE,61,25013,Hampden,Chicopee
565,1,70,HAMPDEN08,51,8th Hampden,LUDLOW,161,25013,Hampden,Ludlow
566,1,70,HAMPDEN08,51,8th Hampden,SPRINGFIELD,281,25013,Hampden,Springfield
567,1,71,WOR12,153,12th Worcester,MARLBOROUGH,170,25017,Middlesex,Marlborough
568,1,71,WOR12,153,12th Worcester,HUDSON,141,25017,Middlesex,Hudson
569,1,71,WOR12,153,12th Worcester,LANCASTER,147,25027,Worcester,Lancaster
570,1,71,WOR12,153,12th Worcester,LUNENBURG,162,25027,Worcester,Lunenburg
571,1,71,WOR12,153,12th Worcester,CLINTON,64,25027,Worcester,Clinton
572,1,71,WOR12,153,12th Worcester,HOLDEN,134,25027,Worcester,Holden
573,1,71,WOR12,153,12th Worcester,LEOMINSTER,153,25027,Worcester,Leominster
574,1,71,WOR12,153,12th Worcester,PRINCETON,241,25027,Worcester,Princeton
575,1,71,WOR12,153,12th Worcester,BOLTON,34,25027,Worcester,Bolton
576,1,71,WOR12,153,12th Worcester,STERLING,282,25027,Worcester,Sterling
577,1,71,WOR12,153,12th Worcester,WEST BOYLSTON,321,25027,Worcester,West Boylston
578,1,71,WOR12,153,12th Worcester,BERLIN,28,25027,Worcester,Berlin
579,1,71,WOR12,153,12th Worcester,HARVARD,125,25027,Worcester,Harvard
580,1,71,WOR12,153,12th Worcester,SHIRLEY,270,25017,Middlesex,Shirley
581,1,71,WOR12,153,12th Worcester,NORTHBOROUGH,215,25027,Worcester,Northborough
582,1,71,WOR12,153,12th Worcester,BOYLSTON,39,25027,Worcester,Boylston
583,1,71,WOR12,153,12th Worcester,SHREWSBURY,271,25027,Worcester,Shrewsbury
584,1,72,WOR03,144,3rd Worcester,LUNENBURG,162,25027,Worcester,Lunenburg
585,1,72,WOR03,144,3rd Worcester,WESTMINSTER,332,25027,Worcester,Westminster
586,1,72,WOR03,144,3rd Worcester,LEOMINSTER,153,25027,Worcester,Leominster
587,1,72,WOR03,144,3rd Worcester,ASHBURNHAM,11,25027,Worcester,Ashburnham
588,1,72,WOR03,144,3rd Worcester,FITCHBURG,97,25027,Worcester,Fitchburg
589,1,72,WOR03,144,3rd Worcester,ASHBY,12,25017,Middlesex,Ashby
590,1,73,PLY09,119,9th Plymouth,EASTON,88,25005,Bristol,Easton
591,1,73,PLY09,119,9th Plymouth,EAST BRIDGEWATER,83,25023,Plymouth,East Bridgewater
592,1,73,PLY09,119,9th Plymouth,BROCKTON,44,25023,Plymouth,Brockton
593,1,73,PLY09,119,9th Plymouth,WEST BRIDGEWATER,322,25023,Plymouth,West Bridgewater
594,1,73,PLY09,119,9th Plymouth,STOUGHTON,285,25021,Norfolk,Stoughton
595,1,73,PLY09,119,9th Plymouth,SHARON,266,25021,Norfolk,Sharon
596,1,73,PLY09,119,9th Plymouth,RAYNHAM,245,25005,Bristol,Raynham
597,1,73,PLY09,119,9th Plymouth,BRIDGEWATER,42,25023,Plymouth,Bridgewater
598,1,73,PLY09,119,9th Plymouth,MANSFIELD,167,25005,Bristol,Mansfield
599,1,74,MIDDLE27,85,27th Middlesex,MEDFORD,176,25017,Middlesex,Medford
600,1,74,MIDDLE27,85,27th Middlesex,SOMERVILLE,274,25017,Middlesex,Somerville
601,1,74,MIDDLE27,85,27th Middlesex,CAMBRIDGE,49,25017,Middlesex,Cambridge
602,1,75,MIDDLE30,88,30th Middlesex,WILMINGTON,342,25017,Middlesex,Wilmington
603,1,75,MIDDLE30,88,30th Middlesex,READING,246,25017,Middlesex,Reading
604,1,75,MIDDLE30,88,30th Middlesex,BURLINGTON,48,25017,Middlesex,Burlington
605,1,75,MIDDLE30,88,30th Middlesex,STONEHAM,284,25017,Middlesex,Stoneham
606,1,75,MIDDLE30,88,30th Middlesex,WAKEFIELD,305,25017,Middlesex,Wakefield
607,1,75,MIDDLE30,88,30th Middlesex,WINCHESTER,344,25017,Middlesex,Winchester
608,1,75,MIDDLE30,88,30th Middlesex,WOBURN,347,25017,Middlesex,Woburn
609,1,76,ESSEX13,36,13th Essex,HAMILTON,119,25009,Essex,Hamilton
610,1,76,ESSEX13,36,13th Essex,WENHAM,320,25009,Essex,Wenham
611,1,76,ESSEX13,36,13th Essex,BEVERLY,30,25009,Essex,Beverly
612,1,76,ESSEX13,36,13th Essex,DANVERS,71,25009,Essex,Danvers
613,1,76,ESSEX13,36,13th Essex,TOPSFIELD,298,25009,Essex,Topsfield
614,1,76,ESSEX13,36,13th Essex,MIDDLETON,184,25009,Essex,Middleton
615,1,76,ESSEX13,36,13th Essex,LYNNFIELD,164,25009,Essex,Lynnfield
616,1,76,ESSEX13,36,13th Essex,BOXFORD,38,25009,Essex,Boxford
617,1,76,ESSEX13,36,13th Essex,PEABODY,229,25009,Essex,Peabody
618,1,76,ESSEX13,36,13th Essex,SALEM,258,25009,Essex,Salem
619,1,77,ESSEX05,28,5th Essex,ESSEX,92,25009,Essex,Essex
620,1,77,ESSEX05,28,5th Essex,GLOUCESTER,107,25009,Essex,Gloucester
621,1,77,ESSEX05,28,5th Essex,HAMILTON,119,25009,Essex,Hamilton
622,1,77,ESSEX05,28,5th Essex,MANCHESTER,166,25009,Essex,Manchester
623,1,77,ESSEX05,28,5th Essex,WENHAM,320,25009,Essex,Wenham
624,1,77,ESSEX05,28,5th Essex,IPSWICH,144,25009,Essex,Ipswich
625,1,77,ESSEX05,28,5th Essex,BEVERLY,30,25009,Essex,Beverly
626,1,77,ESSEX05,28,5th Essex,ROCKPORT,252,25009,Essex,Rockport
627,1,78,BARN04,4,4th Barnstable,BREWSTER,41,25001,Barnstable,Brewster
628,1,78,BARN04,4,4th Barnstable,HARWICH,126,25001,Barnstable,Harwich
629,1,78,BARN04,4,4th Barnstable,DENNIS,75,25001,Barnstable,Dennis
630,1,78,BARN04,4,4th Barnstable,ORLEANS,224,25001,Barnstable,Orleans
631,1,78,BARN04,4,4th Barnstable,WELLFLEET,318,25001,Barnstable,Wellfleet
632,1,78,BARN04,4,4th Barnstable,TRURO,300,25001,Barnstable,Truro
633,1,78,BARN04,4,4th Barnstable,EASTHAM,86,25001,Barnstable,Eastham
634,1,78,BARN04,4,4th Barnstable,CHATHAM,55,25001,Barnstable,Chatham
635,1,78,BARN04,4,4th Barnstable,PROVINCETOWN,242,25001,Barnstable,Provincetown
636,1,79,HAMPSHIRE03,58,3rd Hampshire,SOUTH HADLEY,275,25015,Hampshire,South Hadley
637,1,79,HAMPSHIRE03,58,3rd Hampshire,GRANBY,111,25015,Hampshire,Granby
638,1,79,HAMPSHIRE03,58,3rd Hampshire,PELHAM,230,25015,Hampshire,Pelham
639,1,79,HAMPSHIRE03,58,3rd Hampshire,HADLEY,117,25015,Hampshire,Hadley
640,1,79,HAMPSHIRE03,58,3rd Hampshire,LEVERETT,154,25011,Franklin,Leverett
641,1,79,HAMPSHIRE03,58,3rd Hampshire,AMHERST,8,25015,Hampshire,Amherst
642,1,79,HAMPSHIRE03,58,3rd Hampshire,BELCHERTOWN,24,25015,Hampshire,Belchertown
643,1,79,HAMPSHIRE03,58,3rd Hampshire,SUNDERLAND,289,25011,Franklin,Sunderland
644,1,79,HAMPSHIRE03,58,3rd Hampshire,SHUTESBURY,272,25011,Franklin,Shutesbury
645,1,80,WOR16,157,16th Worcester,AUBURN,17,25027,Worcester,Auburn
646,1,80,WOR16,157,16th Worcester,WORCESTER,348,25027,Worcester,Worcester
647,1,80,WOR16,157,16th Worcester,MILLBURY,186,25027,Worcester,Millbury
648,1,80,WOR16,157,16th Worcester,SHREWSBURY,271,25027,Worcester,Shrewsbury
649,1,80,WOR16,157,16th Worcester,GRAFTON,110,25027,Worcester,Grafton
650,1,81,SUFFOLK07,129,7th Suffolk,BROOKLINE,46,25021,Norfolk,Brookline
651,1,81,SUFFOLK07,129,7th Suffolk,BOSTON,35,25025,Suffolk,Boston
652,1,82,SUFFOLK05,127,5th Suffolk,BOSTON,35,25025,Suffolk,Boston
653,1,83,SUFFOLK06,128,6th Suffolk,BOSTON,35,25025,Suffolk,Boston
654,1,84,SUFFOLK03,125,3rd Suffolk,CAMBRIDGE,49,25017,Middlesex,Cambridge
655,1,84,SUFFOLK03,125,3rd Suffolk,BOSTON,35,25025,Suffolk,Boston
656,1,85,NORFOLK02,97,2nd Norfolk,QUINCY,243,25021,Norfolk,Quincy
657,1,86,ESSEX11,34,11th Essex,SAUGUS,262,25009,Essex,Saugus
658,1,86,ESSEX11,34,11th Essex,LYNN,163,25009,Essex,Lynn
659,1,86,ESSEX11,34,11th Essex,NAHANT,196,25009,Essex,Nahant
660,1,87,MIDDLE19,77,19th Middlesex,WILMINGTON,342,25017,Middlesex,Wilmington
661,1,87,MIDDLE19,77,19th Middlesex,READING,246,25017,Middlesex,Reading
662,1,87,MIDDLE19,77,19th Middlesex,ANDOVER,9,25009,Essex,Andover
663,1,87,MIDDLE19,77,19th Middlesex,NORTH READING,213,25017,Middlesex,North Reading
664,1,87,MIDDLE19,77,19th Middlesex,BURLINGTON,48,25017,Middlesex,Burlington
665,1,87,MIDDLE19,77,19th Middlesex,WOBURN,347,25017,Middlesex,Woburn
666,1,87,MIDDLE19,77,19th Middlesex,BILLERICA,31,25017,Middlesex,Billerica
667,1,87,MIDDLE19,77,19th Middlesex,TEWKSBURY,295,25017,Middlesex,Tewksbury
668,1,88,BERK02,8,2nd Berkshire,LENOX,152,25003,Berkshire,Lenox
669,1,88,BERK02,8,2nd Berkshire,PITTSFIELD,236,25003,Berkshire,Pittsfield
670,1,88,BERK02,8,2nd Berkshire,HANCOCK,121,25003,Berkshire,Hancock
671,1,88,BERK02,8,2nd Berkshire,LANESBOROUGH,148,25003,Berkshire,Lanesborough
672,1,88,BERK02,8,2nd Berkshire,DALTON,70,25003,Berkshire,Dalton
673,1,88,BERK02,8,2nd Berkshire,RICHMOND,249,25003,Berkshire,Richmond
674,1,88,BERK02,8,2nd Berkshire,WASHINGTON,313,25003,Berkshire,Washington
675,1,89,FRANK01,42,1st Franklin,NORTHFIELD,217,25011,Franklin,Northfield
676,1,89,FRANK01,42,1st Franklin,ERVING,91,25011,Franklin,Erving
677,1,89,FRANK01,42,1st Franklin,HAWLEY,129,25011,Franklin,Hawley
678,1,89,FRANK01,42,1st Franklin,ROWE,253,25011,Franklin,Rowe
679,1,89,FRANK01,42,1st Franklin,ASHFIELD,13,25011,Franklin,Ashfield
680,1,89,FRANK01,42,1st Franklin,CONWAY,68,25011,Franklin,Conway
681,1,89,FRANK01,42,1st Franklin,MONROE,190,25011,Franklin,Monroe
682,1,89,FRANK01,42,1st Franklin,BERNARDSTON,29,25011,Franklin,Bernardston
683,1,89,FRANK01,42,1st Franklin,WHATELY,337,25011,Franklin,Whately
684,1,89,FRANK01,42,1st Franklin,WILLIAMSBURG,340,25015,Hampshire,Williamsburg
685,1,89,FRANK01,42,1st Franklin,PLAINFIELD,237,25015,Hampshire,Plainfield
686,1,89,FRANK01,42,1st Franklin,GOSHEN,108,25015,Hampshire,Goshen
687,1,89,FRANK01,42,1st Franklin,CUMMINGTON,69,25015,Hampshire,Cummington
688,1,89,FRANK01,42,1st Franklin,HADLEY,117,25015,Hampshire,Hadley
689,1,89,FRANK01,42,1st Franklin,GREENFIELD,114,25011,Franklin,Greenfield
690,1,89,FRANK01,42,1st Franklin,HEATH,130,25011,Franklin,Heath
691,1,89,FRANK01,42,1st Franklin,LEVERETT,154,25011,Franklin,Leverett
692,1,89,FRANK01,42,1st Franklin,AMHERST,8,25015,Hampshire,Amherst
693,1,89,FRANK01,42,1st Franklin,SUNDERLAND,289,25011,Franklin,Sunderland
694,1,89,FRANK01,42,1st Franklin,SHUTESBURY,272,25011,Franklin,Shutesbury
695,1,89,FRANK01,42,1st Franklin,SHELBURNE,268,25011,Franklin,Shelburne
696,1,89,FRANK01,42,1st Franklin,FLORIDA,98,25003,Berkshire,Florida
697,1,89,FRANK01,42,1st Franklin,GILL,106,25011,Franklin,Gill
698,1,89,FRANK01,42,1st Franklin,SAVOY,263,25003,Berkshire,Savoy
699,1,89,FRANK01,42,1st Franklin,HATFIELD,127,25015,Hampshire,Hatfield
700,1,89,FRANK01,42,1st Franklin,BUCKLAND,47,25011,Franklin,Buckland
701,1,89,FRANK01,42,1st Franklin,DEERFIELD,74,25011,Franklin,Deerfield
702,1,89,FRANK01,42,1st Franklin,MONTAGUE,192,25011,Franklin,Montague
703,1,89,FRANK01,42,1st Franklin,COLRAIN,66,25011,Franklin,Colrain
704,1,89,FRANK01,42,1st Franklin,WENDELL,319,25011,Franklin,Wendell
705,1,89,FRANK01,42,1st Franklin,CHARLEMONT,53,25011,Franklin,Charlemont
706,1,89,FRANK01,42,1st Franklin,LEYDEN,156,25011,Franklin,Leyden
707,1,90,HAMPDEN10,53,10th Hampden,LONGMEADOW,159,25013,Hampden,Longmeadow
708,1,90,HAMPDEN10,53,10th Hampden,WEST SPRINGFIELD,325,25013,Hampden,West Springfield
709,1,90,HAMPDEN10,53,10th Hampden,AGAWAM,5,25013,Hampden,Agawam
710,1,90,HAMPDEN10,53,10th Hampden,CHICOPEE,61,25013,Hampden,Chicopee
711,1,90,HAMPDEN10,53,10th Hampden,SPRINGFIELD,281,25013,Hampden,Springfield
712,1,91,HAMPDEN09,52,9th Hampden,WILBRAHAM,339,25013,Hampden,Wilbraham
713,1,91,HAMPDEN09,52,9th Hampden,CHICOPEE,61,25013,Hampden,Chicopee
714,1,91,HAMPDEN09,52,9th Hampden,LUDLOW,161,25013,Hampden,Ludlow
715,1,91,HAMPDEN09,52,9th Hampden,SPRINGFIELD,281,25013,Hampden,Springfield
716,1,92,WOR07,148,7th Worcester,SUTTON,290,25027,Worcester,Sutton
717,1,92,WOR07,148,7th Worcester,LEICESTER,151,25027,Worcester,Leicester
718,1,92,WOR07,148,7th Worcester,AUBURN,17,25027,Worcester,Auburn
719,1,92,WOR07,148,7th Worcester,WORCESTER,348,25027,Worcester,Worcester
720,1,92,WOR07,148,7th Worcester,MILLBURY,186,25027,Worcester,Millbury
721,1,92,WOR07,148,7th Worcester,OXFORD,226,25027,Worcester,Oxford
722,1,92,WOR07,148,7th Worcester,CHARLTON,54,25027,Worcester,Charlton
723,1,92,WOR07,148,7th Worcester,GRAFTON,110,25027,Worcester,Grafton
724,1,92,WOR07,148,7th Worcester,SPENCER,280,25027,Worcester,Spencer
725,1,93,WOR10,151,10th Worcester,MEDWAY,177,25021,Norfolk,Medway
726,1,93,WOR10,151,10th Worcester,HOLLISTON,136,25017,Middlesex,Holliston
727,1,93,WOR10,151,10th Worcester,MILFORD,185,25027,Worcester,Milford
728,1,93,WOR10,151,10th Worcester,HOPKINTON,139,25017,Middlesex,Hopkinton
729,1,93,WOR10,151,10th Worcester,BELLINGHAM,25,25021,Norfolk,Bellingham
730,1,93,WOR10,151,10th Worcester,MENDON,179,25027,Worcester,Mendon
731,1,93,WOR10,151,10th Worcester,BLACKSTONE,32,25027,Worcester,Blackstone
732,1,93,WOR10,151,10th Worcester,HOPEDALE,138,25027,Worcester,Hopedale
733,1,93,WOR10,151,10th Worcester,UPTON,303,25027,Worcester,Upton
734,1,93,WOR10,151,10th Worcester,NORTHBRIDGE,216,25027,Worcester,Northbridge
735,1,93,WOR10,151,10th Worcester,MILLVILLE,188,25027,Worcester,Millville
736,1,93,WOR10,151,10th Worcester,UXBRIDGE,304,25027,Worcester,Uxbridge
737,1,94,WOR04,145,4th Worcester,LANCASTER,147,25027,Worcester,Lancaster
738,1,94,WOR04,145,4th Worcester,LUNENBURG,162,25027,Worcester,Lunenburg
739,1,94,WOR04,145,4th Worcester,WESTMINSTER,332,25027,Worcester,Westminster
740,1,94,WOR04,145,4th Worcester,LEOMINSTER,153,25027,Worcester,Leominster
741,1,94,WOR04,145,4th Worcester,PRINCETON,241,25027,Worcester,Princeton
742,1,94,WOR04,145,4th Worcester,STERLING,282,25027,Worcester,Sterling
743,1,94,WOR04,145,4th Worcester,FITCHBURG,97,25027,Worcester,Fitchburg
744,1,95,WOR19,160,19th Worcester,SOUTHBOROUGH,277,25027,Worcester,Southborough
745,1,95,WOR19,160,19th Worcester,MARLBOROUGH,170,25017,Middlesex,Marlborough
746,1,95,WOR19,160,19th Worcester,ASHLAND,14,25017,Middlesex,Ashland
747,1,95,WOR19,160,19th Worcester,FRAMINGHAM,100,25017,Middlesex,Framingham
748,1,95,WOR19,160,19th Worcester,HOPKINTON,139,25017,Middlesex,Hopkinton
749,1,95,WOR19,160,19th Worcester,NORTHBOROUGH,215,25027,Worcester,Northborough
750,1,95,WOR19,160,19th Worcester,WESTBOROUGH,328,25027,Worcester,Westborough
751,1,95,WOR19,160,19th Worcester,UPTON,303,25027,Worcester,Upton
752,1,95,WOR19,160,19th Worcester,BOYLSTON,39,25027,Worcester,Boylston
753,1,95,WOR19,160,19th Worcester,SHREWSBURY,271,25027,Worcester,Shrewsbury
754,1,95,WOR19,160,19th Worcester,GRAFTON,110,25027,Worcester,Grafton
755,1,96,MIDDLE04,62,4th Middlesex,SOUTHBOROUGH,277,25027,Worcester,Southborough
756,1,96,MIDDLE04,62,4th Middlesex,MARLBOROUGH,170,25017,Middlesex,Marlborough
757,1,96,MIDDLE04,62,4th Middlesex,HUDSON,141,25017,Middlesex,Hudson
758,1,96,MIDDLE04,62,4th Middlesex,FRAMINGHAM,100,25017,Middlesex,Framingham
759,1,96,MIDDLE04,62,4th Middlesex,SUDBURY,288,25017,Middlesex,Sudbury
760,1,96,MIDDLE04,62,4th Middlesex,BERLIN,28,25027,Worcester,Berlin
761,1,96,MIDDLE04,62,4th Middlesex,NORTHBOROUGH,215,25027,Worcester,Northborough
762,1,97,MIDDLE07,65,7th Middlesex,SOUTHBOROUGH,277,25027,Worcester,Southborough
763,1,97,MIDDLE07,65,7th Middlesex,NATICK,198,25017,Middlesex,Natick
764,1,97,MIDDLE07,65,7th Middlesex,HOLLISTON,136,25017,Middlesex,Holliston
765,1,97,MIDDLE07,65,7th Middlesex,ASHLAND,14,25017,Middlesex,Ashland
766,1,97,MIDDLE07,65,7th Middlesex,FRAMINGHAM,100,25017,Middlesex,Framingham
767,1,97,MIDDLE07,65,7th Middlesex,WAYLAND,315,25017,Middlesex,Wayland
768,1,97,MIDDLE07,65,7th Middlesex,SUDBURY,288,25017,Middlesex,Sudbury
769,1,97,MIDDLE07,65,7th Middlesex,HOPKINTON,139,25017,Middlesex,Hopkinton
770,1,97,MIDDLE07,65,7th Middlesex,SHERBORN,269,25017,Middlesex,Sherborn
771,1,98,BRISTOL07,16,7th Bristol,FALL RIVER,95,25005,Bristol,Fall River
772,1,99,ESSEX09,32,9th Essex,READING,246,25017,Middlesex,Reading
773,1,99,ESSEX09,32,9th Essex,LYNNFIELD,164,25009,Essex,Lynnfield
774,1,99,ESSEX09,32,9th Essex,PEABODY,229,25009,Essex,Peabody
775,1,99,ESSEX09,32,9th Essex,SAUGUS,262,25009,Essex,Saugus
776,1,99,ESSEX09,32,9th Essex,LYNN,163,25009,Essex,Lynn
777,1,99,ESSEX09,32,9th Essex,WAKEFIELD,305,25017,Middlesex,Wakefield
778,1,99,ESSEX09,32,9th Essex,MELROSE,178,25017,Middlesex,Melrose
779,1,99,ESSEX09,32,9th Essex,REVERE,248,25025,Suffolk,Revere
780,1,100,NORFOLK05,100,5th Norfolk,QUINCY,243,25021,Norfolk,Quincy
781,1,100,NORFOLK05,100,5th Norfolk,WEYMOUTH,336,25021,Norfolk,Weymouth
782,1,100,NORFOLK05,100,5th Norfolk,RANDOLPH,244,25021,Norfolk,Randolph
783,1,100,NORFOLK05,100,5th Norfolk,BRAINTREE,40,25021,Norfolk,Braintree
784,1,100,NORFOLK05,100,5th Norfolk,HOLBROOK,133,25021,Norfolk,Holbrook
785,1,101,ESSEX10,33,10th Essex,PEABODY,229,25009,Essex,Peabody
786,1,101,ESSEX10,33,10th Essex,SWAMPSCOTT,291,25009,Essex,Swampscott
787,1,101,ESSEX10,33,10th Essex,SALEM,258,25009,Essex,Salem
788,1,101,ESSEX10,33,10th Essex,LYNN,163,25009,Essex,Lynn
789,1,102,ESSEX17,40,17th Essex,METHUEN,181,25009,Essex,Methuen
790,1,102,ESSEX17,40,17th Essex,LAWRENCE,149,25009,Essex,Lawrence
791,1,102,ESSEX17,40,17th Essex,ANDOVER,9,25009,Essex,Andover
792,1,102,ESSEX17,40,17th Essex,NORTH ANDOVER,210,25009,Essex,North Andover
793,1,103,ESSEX16,39,16th Essex,METHUEN,181,25009,Essex,Methuen
794,1,103,ESSEX16,39,16th Essex,LAWRENCE,149,25009,Essex,Lawrence
795,1,103,ESSEX16,39,16th Essex,ANDOVER,9,25009,Essex,Andover
796,1,103,ESSEX16,39,16th Essex,NORTH ANDOVER,210,25009,Essex,North Andover
797,1,104,ESSEX18,41,18th Essex,TOPSFIELD,298,25009,Essex,Topsfield
798,1,104,ESSEX18,41,18th Essex,WILMINGTON,342,25017,Middlesex,Wilmington
799,1,104,ESSEX18,41,18th Essex,LAWRENCE,149,25009,Essex,Lawrence
800,1,104,ESSEX18,41,18th Essex,MIDDLETON,184,25009,Essex,Middleton
801,1,104,ESSEX18,41,18th Essex,ANDOVER,9,25009,Essex,Andover
802,1,104,ESSEX18,41,18th Essex,NORTH ANDOVER,210,25009,Essex,North Andover
803,1,104,ESSEX18,41,18th Essex,BOXFORD,38,25009,Essex,Boxford
804,1,104,ESSEX18,41,18th Essex,NORTH READING,213,25017,Middlesex,North Reading
805,1,104,ESSEX18,41,18th Essex,TEWKSBURY,295,25017,Middlesex,Tewksbury
806,1,104,ESSEX18,41,18th Essex,LOWELL,160,25017,Middlesex,Lowell
807,1,105,ESSEX01,24,1st Essex,WEST NEWBURY,324,25009,Essex,West Newbury
808,1,105,ESSEX01,24,1st Essex,SALISBURY,259,25009,Essex,Salisbury
809,1,105,ESSEX01,24,1st Essex,NEWBURYPORT,206,25009,Essex,Newburyport
810,1,105,ESSEX01,24,1st Essex,NEWBURY,205,25009,Essex,Newbury
811,1,105,ESSEX01,24,1st Essex,AMESBURY,7,25009,Essex,Amesbury
812,1,105,ESSEX01,24,1st Essex,HAVERHILL,128,25009,Essex,Haverhill
813,1,105,ESSEX01,24,1st Essex,MERRIMAC,180,25009,Essex,Merrimac
814,1,106,HAMPDEN03,46,3rd Hampden,SOUTHAMPTON,276,25015,Hampshire,Southampton
815,1,106,HAMPDEN03,46,3rd Hampden,MONTGOMERY,194,25013,Hampden,Montgomery
816,1,106,HAMPDEN03,46,3rd Hampden,CHESTERFIELD,60,25015,Hampshire,Chesterfield
817,1,106,HAMPDEN03,46,3rd Hampden,LONGMEADOW,159,25013,Hampden,Longmeadow
818,1,106,HAMPDEN03,46,3rd Hampden,CHESTER,59,25013,Hampden,Chester
819,1,106,HAMPDEN03,46,3rd Hampden,RUSSELL,256,25013,Hampden,Russell
820,1,106,HAMPDEN03,46,3rd Hampden,MIDDLEFIELD,183,25015,Hampshire,Middlefield
821,1,106,HAMPDEN03,46,3rd Hampden,SOUTHWICK,279,25013,Hampden,Southwick
822,1,106,HAMPDEN03,46,3rd Hampden,BLANDFORD,33,25013,Hampden,Blandford
823,1,106,HAMPDEN03,46,3rd Hampden,OTIS,225,25003,Berkshire,Otis
824,1,106,HAMPDEN03,46,3rd Hampden,WORTHINGTON,349,25015,Hampshire,Worthington
825,1,106,HAMPDEN03,46,3rd Hampden,GRANVILLE,112,25013,Hampden,Granville
826,1,106,HAMPDEN03,46,3rd Hampden,PERU,233,25003,Berkshire,Peru
827,1,106,HAMPDEN03,46,3rd Hampden,WEST SPRINGFIELD,325,25013,Hampden,West Springfield
828,1,106,HAMPDEN03,46,3rd Hampden,SANDISFIELD,260,25003,Berkshire,Sandisfield
829,1,106,HAMPDEN03,46,3rd Hampden,AGAWAM,5,25013,Hampden,Agawam
830,1,106,HAMPDEN03,46,3rd Hampden,WESTFIELD,329,25013,Hampden,Westfield
831,1,106,HAMPDEN03,46,3rd Hampden,WESTHAMPTON,331,25015,Hampshire,Westhampton
832,1,106,HAMPDEN03,46,3rd Hampden,TOLLAND,297,25013,Hampden,Tolland
833,1,106,HAMPDEN03,46,3rd Hampden,SPRINGFIELD,281,25013,Hampden,Springfield
834,1,106,HAMPDEN03,46,3rd Hampden,WASHINGTON,313,25003,Berkshire,Washington
835,1,106,HAMPDEN03,46,3rd Hampden,BECKET,22,25003,Berkshire,Becket
836,1,106,HAMPDEN03,46,3rd Hampden,HUNTINGTON,143,25015,Hampshire,Huntington
837,1,107,HAMPDEN06,49,6th Hampden,HOLYOKE,137,25013,Hampden,Holyoke
838,1,107,HAMPDEN06,49,6th Hampden,WEST SPRINGFIELD,325,25013,Hampden,West Springfield
839,1,107,HAMPDEN06,49,6th Hampden,AGAWAM,5,25013,Hampden,Agawam
840,1,107,HAMPDEN06,49,6th Hampden,WESTFIELD,329,25013,Hampden,Westfield
841,1,107,HAMPDEN06,49,6th Hampden,CHICOPEE,61,25013,Hampden,Chicopee
842,1,107,HAMPDEN06,49,6th Hampden,SPRINGFIELD,281,25013,Hampden,Springfield
843,1,108,WOR09,150,9th Worcester,MILFORD,185,25027,Worcester,Milford
844,1,108,WOR09,150,9th Worcester,HOPKINTON,139,25017,Middlesex,Hopkinton
845,1,108,WOR09,150,9th Worcester,MENDON,179,25027,Worcester,Mendon
846,1,108,WOR09,150,9th Worcester,HOPEDALE,138,25027,Worcester,Hopedale
847,1,108,WOR09,150,9th Worcester,SUTTON,290,25027,Worcester,Sutton
848,1,108,WOR09,150,9th Worcester,WESTBOROUGH,328,25027,Worcester,Westborough
849,1,108,WOR09,150,9th Worcester,UPTON,303,25027,Worcester,Upton
850,1,108,WOR09,150,9th Worcester,NORTHBRIDGE,216,25027,Worcester,Northbridge
851,1,108,WOR09,150,9th Worcester,WORCESTER,348,25027,Worcester,Worcester
852,1,108,WOR09,150,9th Worcester,MILLBURY,186,25027,Worcester,Millbury
853,1,108,WOR09,150,9th Worcester,UXBRIDGE,304,25027,Worcester,Uxbridge
854,1,108,WOR09,150,9th Worcester,SHREWSBURY,271,25027,Worcester,Shrewsbury
855,1,108,WOR09,150,9th Worcester,GRAFTON,110,25027,Worcester,Grafton
856,1,109,WOR08,149,8th Worcester,MEDWAY,177,25021,Norfolk,Medway
857,1,109,WOR08,149,8th Worcester,HOLLISTON,136,25017,Middlesex,Holliston
858,1,109,WOR08,149,8th Worcester,MILFORD,185,25027,Worcester,Milford
859,1,109,WOR08,149,8th Worcester,BELLINGHAM,25,25021,Norfolk,Bellingham
860,1,109,WOR08,149,8th Worcester,MENDON,179,25027,Worcester,Mendon
861,1,109,WOR08,149,8th Worcester,BLACKSTONE,32,25027,Worcester,Blackstone
862,1,109,WOR08,149,8th Worcester,HOPEDALE,138,25027,Worcester,Hopedale
863,1,109,WOR08,149,8th Worcester,FRANKLIN,101,25021,Norfolk,Franklin
864,1,109,WOR08,149,8th Worcester,WRENTHAM,350,25021,Norfolk,Wrentham
865,1,109,WOR08,149,8th Worcester,DOUGLAS,77,25027,Worcester,Douglas
866,1,109,WOR08,149,8th Worcester,NORTHBRIDGE,216,25027,Worcester,Northbridge
867,1,109,WOR08,149,8th Worcester,MILLVILLE,188,25027,Worcester,Millville
868,1,109,WOR08,149,8th Worcester,UXBRIDGE,304,25027,Worcester,Uxbridge
869,1,110,MIDDLE08,66,8th Middlesex,MILLIS,187,25021,Norfolk,Millis
870,1,110,MIDDLE08,66,8th Middlesex,SOUTHBOROUGH,277,25027,Worcester,Southborough
871,1,110,MIDDLE08,66,8th Middlesex,MEDFIELD,175,25021,Norfolk,Medfield
872,1,110,MIDDLE08,66,8th Middlesex,MEDWAY,177,25021,Norfolk,Medway
873,1,110,MIDDLE08,66,8th Middlesex,NATICK,198,25017,Middlesex,Natick
874,1,110,MIDDLE08,66,8th Middlesex,HOLLISTON,136,25017,Middlesex,Holliston
875,1,110,MIDDLE08,66,8th Middlesex,ASHLAND,14,25017,Middlesex,Ashland
876,1,110,MIDDLE08,66,8th Middlesex,MILFORD,185,25027,Worcester,Milford
877,1,110,MIDDLE08,66,8th Middlesex,FRAMINGHAM,100,25017,Middlesex,Framingham
878,1,110,MIDDLE08,66,8th Middlesex,HOPKINTON,139,25017,Middlesex,Hopkinton
879,1,110,MIDDLE08,66,8th Middlesex,SHERBORN,269,25017,Middlesex,Sherborn
880,1,110,MIDDLE08,66,8th Middlesex,DOVER,78,25021,Norfolk,Dover
881,1,110,MIDDLE08,66,8th Middlesex,NORFOLK,208,25021,Norfolk,Norfolk
882,1,110,MIDDLE08,66,8th Middlesex,WESTBOROUGH,328,25027,Worcester,Westborough
883,1,110,MIDDLE08,66,8th Middlesex,UPTON,303,25027,Worcester,Upton
884,1,111,WOR14,155,14th Worcester,HOLDEN,134,25027,Worcester,Holden
885,1,111,WOR14,155,14th Worcester,STERLING,282,25027,Worcester,Sterling
886,1,111,WOR14,155,14th Worcester,WEST BOYLSTON,321,25027,Worcester,West Boylston
887,1,111,WOR14,155,14th Worcester,WORCESTER,348,25027,Worcester,Worcester
888,1,111,WOR14,155,14th Worcester,BOYLSTON,39,25027,Worcester,Boylston
889,1,111,WOR14,155,14th Worcester,SHREWSBURY,271,25027,Worcester,Shrewsbury
890,1,112,MIDDLE02,60,2nd Middlesex,AYER,19,25017,Middlesex,Ayer
891,1,112,MIDDLE02,60,2nd Middlesex,TYNGSBOROUGH,301,25017,Middlesex,Tyngsborough
892,1,112,MIDDLE02,60,2nd Middlesex,WESTFORD,330,25017,Middlesex,Westford
893,1,112,MIDDLE02,60,2nd Middlesex,GROTON,115,25017,Middlesex,Groton
894,1,112,MIDDLE02,60,2nd Middlesex,CARLISLE,51,25017,Middlesex,Carlisle
895,1,112,MIDDLE02,60,2nd Middlesex,LITTLETON,158,25017,Middlesex,Littleton
896,1,112,MIDDLE02,60,2nd Middlesex,CHELMSFORD,56,25017,Middlesex,Chelmsford
897,1,112,MIDDLE02,60,2nd Middlesex,ACTON,2,25017,Middlesex,Acton
898,1,112,MIDDLE02,60,2nd Middlesex,BOXBOROUGH,37,25017,Middlesex,Boxborough
899,1,112,MIDDLE02,60,2nd Middlesex,HARVARD,125,25027,Worcester,Harvard
900,1,113,BRISTOL04,13,4th Bristol,TAUNTON,293,25005,Bristol,Taunton
901,1,113,BRISTOL04,13,4th Bristol,DIGHTON,76,25005,Bristol,Dighton
902,1,113,BRISTOL04,13,4th Bristol,SEEKONK,265,25005,Bristol,Seekonk
903,1,113,BRISTOL04,13,4th Bristol,NORTON,218,25005,Bristol,Norton
904,1,113,BRISTOL04,13,4th Bristol,SWANSEA,292,25005,Bristol,Swansea
905,1,113,BRISTOL04,13,4th Bristol,MANSFIELD,167,25005,Bristol,Mansfield
906,1,113,BRISTOL04,13,4th Bristol,REHOBOTH,247,25005,Bristol,Rehoboth
907,1,113,BRISTOL04,13,4th Bristol,ATTLEBORO,16,25005,Bristol,Attleboro
908,1,114,NORFOLK12,107,12th Norfolk,WESTWOOD,335,25021,Norfolk,Westwood
909,1,114,NORFOLK12,107,12th Norfolk,CANTON,50,25021,Norfolk,Canton
910,1,114,NORFOLK12,107,12th Norfolk,NORWOOD,220,25021,Norfolk,Norwood
911,1,114,NORFOLK12,107,12th Norfolk,MEDFIELD,175,25021,Norfolk,Medfield
912,1,114,NORFOLK12,107,12th Norfolk,NORFOLK,208,25021,Norfolk,Norfolk
913,1,114,NORFOLK12,107,12th Norfolk,WALPOLE,307,25021,Norfolk,Walpole
914,1,114,NORFOLK12,107,12th Norfolk,SHARON,266,25021,Norfolk,Sharon
915,1,115,NORFOLK06,101,6th Norfolk,DEDHAM,73,25021,Norfolk,Dedham
916,1,115,NORFOLK06,101,6th Norfolk,RANDOLPH,244,25021,Norfolk,Randolph
917,1,115,NORFOLK06,101,6th Norfolk,MILTON,189,25021,Norfolk,Milton
918,1,115,NORFOLK06,101,6th Norfolk,BOSTON,35,25025,Suffolk,Boston
919,1,115,NORFOLK06,101,6th Norfolk,WESTWOOD,335,25021,Norfolk,Westwood
920,1,115,NORFOLK06,101,6th Norfolk,CANTON,50,25021,Norfolk,Canton
921,1,115,NORFOLK06,101,6th Norfolk,NORWOOD,220,25021,Norfolk,Norwood
922,1,115,NORFOLK06,101,6th Norfolk,HOLBROOK,133,25021,Norfolk,Holbrook
923,1,115,NORFOLK06,101,6th Norfolk,AVON,18,25021,Norfolk,Avon
924,1,115,NORFOLK06,101,6th Norfolk,BROCKTON,44,25023,Plymouth,Brockton
925,1,115,NORFOLK06,101,6th Norfolk,STOUGHTON,285,25021,Norfolk,Stoughton
926,1,115,NORFOLK06,101,6th Norfolk,SHARON,266,25021,Norfolk,Sharon
927,1,116,MIDDLE10,68,10th Middlesex,BELMONT,26,25017,Middlesex,Belmont
928,1,116,MIDDLE10,68,10th Middlesex,NEWTON,207,25017,Middlesex,Newton
929,1,116,MIDDLE10,68,10th Middlesex,WATERTOWN,314,25017,Middlesex,Watertown
930,1,116,MIDDLE10,68,10th Middlesex,WALTHAM,308,25017,Middlesex,Waltham
931,1,117,SUFFOLK13,135,13th Suffolk,BOSTON,35,25025,Suffolk,Boston
932,1,118,ESSEX08,31,8th Essex,SWAMPSCOTT,291,25009,Essex,Swampscott
933,1,118,ESSEX08,31,8th Essex,SALEM,258,25009,Essex,Salem
934,1,118,ESSEX08,31,8th Essex,LYNN,163,25009,Essex,Lynn
935,1,118,ESSEX08,31,8th Essex,MARBLEHEAD,168,25009,Essex,Marblehead
936,1,118,ESSEX08,31,8th Essex,NAHANT,196,25009,Essex,Nahant
937,1,119,SUFFOLK15,137,15th Suffolk,BROOKLINE,46,25021,Norfolk,Brookline
938,1,119,SUFFOLK15,137,15th Suffolk,BOSTON,35,25025,Suffolk,Boston
939,1,120,SUFFOLK01,123,1st Suffolk,REVERE,248,25025,Suffolk,Revere
940,1,120,SUFFOLK01,123,1st Suffolk,WINTHROP,346,25025,Suffolk,Winthrop
941,1,120,SUFFOLK01,123,1st Suffolk,BOSTON,35,25025,Suffolk,Boston
942,1,121,BARN05,5,5th Barnstable,SANDWICH,261,25001,Barnstable,Sandwich
943,1,121,BARN05,5,5th Barnstable,BOURNE,36,25001,Barnstable,Bourne
944,1,121,BARN05,5,5th Barnstable,FALMOUTH,96,25001,Barnstable,Falmouth
945,1,121,BARN05,5,5th Barnstable,PLYMOUTH,239,25023,Plymouth,Plymouth
946,1,121,BARN05,5,5th Barnstable,BARNSTABLE,20,25001,Barnstable,Barnstable
947,1,121,BARN05,5,5th Barnstable,MASHPEE,172,25001,Barnstable,Mashpee
948,1,121,BARN05,5,5th Barnstable,WAREHAM,310,25023,Plymouth,Wareham
949,1,122,PLY06,116,6th Plymouth,PLYMOUTH,239,25023,Plymouth,Plymouth
950,1,122,PLY06,116,6th Plymouth,EAST BRIDGEWATER,83,25023,Plymouth,East Bridgewater
951,1,122,PLY06,116,6th Plymouth,KINGSTON,145,25023,Plymouth,Kingston
952,1,122,PLY06,116,6th Plymouth,PEMBROKE,231,25023,Plymouth,Pembroke
953,1,122,PLY06,116,6th Plymouth,MARSHFIELD,171,25023,Plymouth,Marshfield
954,1,122,PLY06,116,6th Plymouth,HANOVER,122,25023,Plymouth,Hanover
955,1,122,PLY06,116,6th Plymouth,DUXBURY,82,25023,Plymouth,Duxbury
956,1,122,PLY06,116,6th Plymouth,HANSON,123,25023,Plymouth,Hanson
957,1,122,PLY06,116,6th Plymouth,PLYMPTON,240,25023,Plymouth,Plympton
958,1,122,PLY06,116,6th Plymouth,HALIFAX,118,25023,Plymouth,Halifax
959,1,123,FRANK02,43,2nd Franklin,BARRE,21,25027,Worcester,Barre
960,1,123,FRANK02,43,2nd Franklin,WARWICK,312,25011,Franklin,Warwick
961,1,123,FRANK02,43,2nd Franklin,PHILLIPSTON,235,25027,Worcester,Phillipston
962,1,123,FRANK02,43,2nd Franklin,TEMPLETON,294,25027,Worcester,Templeton
963,1,123,FRANK02,43,2nd Franklin,ORANGE,223,25011,Franklin,Orange
964,1,123,FRANK02,43,2nd Franklin,WINCHENDON,343,25027,Worcester,Winchendon
965,1,123,FRANK02,43,2nd Franklin,ROYALSTON,255,25027,Worcester,Royalston
966,1,123,FRANK02,43,2nd Franklin,HUBBARDSTON,140,25027,Worcester,Hubbardston
967,1,123,FRANK02,43,2nd Franklin,ATHOL,15,25027,Worcester,Athol
968,1,123,FRANK02,43,2nd Franklin,PETERSHAM,234,25027,Worcester,Petersham
969,1,123,FRANK02,43,2nd Franklin,NEW SALEM,204,25011,Franklin,New Salem
970,1,123,FRANK02,43,2nd Franklin,NORTHFIELD,217,25011,Franklin,Northfield
971,1,123,FRANK02,43,2nd Franklin,ERVING,91,25011,Franklin,Erving
972,1,123,FRANK02,43,2nd Franklin,BERNARDSTON,29,25011,Franklin,Bernardston
973,1,123,FRANK02,43,2nd Franklin,GREENFIELD,114,25011,Franklin,Greenfield
974,1,123,FRANK02,43,2nd Franklin,SHELBURNE,268,25011,Franklin,Shelburne
975,1,123,FRANK02,43,2nd Franklin,GILL,106,25011,Franklin,Gill
976,1,123,FRANK02,43,2nd Franklin,MONTAGUE,192,25011,Franklin,Montague
977,1,123,FRANK02,43,2nd Franklin,COLRAIN,66,25011,Franklin,Colrain
978,1,123,FRANK02,43,2nd Franklin,WENDELL,319,25011,Franklin,Wendell
979,1,123,FRANK02,43,2nd Franklin,LEYDEN,156,25011,Franklin,Leyden
980,1,124,WOR17,158,17th Worcester,LEICESTER,151,25027,Worcester,Leicester
981,1,124,WOR17,158,17th Worcester,AUBURN,17,25027,Worcester,Auburn
982,1,124,WOR17,158,17th Worcester,WORCESTER,348,25027,Worcester,Worcester
983,1,124,WOR17,158,17th Worcester,SPENCER,280,25027,Worcester,Spencer
984,1,125,WOR15,156,15th Worcester,WORCESTER,348,25027,Worcester,Worcester
985,1,125,WOR15,156,15th Worcester,SHREWSBURY,271,25027,Worcester,Shrewsbury
986,1,126,BDN,6,Barnstable - Dukes and Nantucket,NANTUCKET,197,25019,Nantucket,Nantucket
987,1,126,BDN,6,Barnstable - Dukes and Nantucket,EDGARTOWN,89,25007,Dukes,Edgartown
988,1,126,BDN,6,Barnstable - Dukes and Nantucket,OAK BLUFFS,221,25007,Dukes,Oak Bluffs
989,1,126,BDN,6,Barnstable - Dukes and Nantucket,FALMOUTH,96,25001,Barnstable,Falmouth
990,1,126,BDN,6,Barnstable - Dukes and Nantucket,TISBURY,296,25007,Dukes,Tisbury
991,1,126,BDN,6,Barnstable - Dukes and Nantucket,AQUINNAH,104,25007,Dukes,Aquinnah
992,1,126,BDN,6,Barnstable - Dukes and Nantucket,WEST TISBURY,327,25007,Dukes,West Tisbury
993,1,126,BDN,6,Barnstable - Dukes and Nantucket,GOSNOLD,109,25007,Dukes,Gosnold
994,1,126,BDN,6,Barnstable - Dukes and Nantucket,CHILMARK,62,25007,Dukes,Chilmark
995,1,127,MIDDLE25,83,25th Middlesex,SOMERVILLE,274,25017,Middlesex,Somerville
996,1,127,MIDDLE25,83,25th Middlesex,CAMBRIDGE,49,25017,Middlesex,Cambridge
997,1,128,PLY11,121,11th Plymouth,AVON,18,25021,Norfolk,Avon
998,1,128,PLY11,121,11th Plymouth,BROCKTON,44,25023,Plymouth,Brockton
999,1,129,MIDDLE09,67,9th Middlesex,BELMONT,26,25017,Middlesex,Belmont
1000,1,129,MIDDLE09,67,9th Middlesex,NEWTON,207,25017,Middlesex,Newton
1001,1,129,MIDDLE09,67,9th Middlesex,WATERTOWN,314,25017,Middlesex,Watertown
1002,1,129,MIDDLE09,67,9th Middlesex,WESTON,333,25017,Middlesex,Weston
1003,1,129,MIDDLE09,67,9th Middlesex,WALTHAM,308,25017,Middlesex,Waltham
1004,1,129,MIDDLE09,67,9th Middlesex,LEXINGTON,155,25017,Middlesex,Lexington
1005,1,129,MIDDLE09,67,9th Middlesex,LINCOLN,157,25017,Middlesex,Lincoln
1006,1,130,MIDDLE15,73,15th Middlesex,BURLINGTON,48,25017,Middlesex,Burlington
1007,1,130,MIDDLE15,73,15th Middlesex,BELMONT,26,25017,Middlesex,Belmont
1008,1,130,MIDDLE15,73,15th Middlesex,ARLINGTON,10,25017,Middlesex,Arlington
1009,1,130,MIDDLE15,73,15th Middlesex,WINCHESTER,344,25017,Middlesex,Winchester
1010,1,130,MIDDLE15,73,15th Middlesex,WOBURN,347,25017,Middlesex,Woburn
1011,1,130,MIDDLE15,73,15th Middlesex,WALTHAM,308,25017,Middlesex,Waltham
1012,1,130,MIDDLE15,73,15th Middlesex,LEXINGTON,155,25017,Middlesex,Lexington
1013,1,130,MIDDLE15,73,15th Middlesex,LINCOLN,157,25017,Middlesex,Lincoln
1014,1,130,MIDDLE15,73,15th Middlesex,BEDFORD,23,25017,Middlesex,Bedford
1015,1,131,SUFFOLK14,136,14th Suffolk,DEDHAM,73,25021,Norfolk,Dedham
1016,1,131,SUFFOLK14,136,14th Suffolk,MILTON,189,25021,Norfolk,Milton
1017,1,131,SUFFOLK14,136,14th Suffolk,BOSTON,35,25025,Suffolk,Boston
1018,1,131,SUFFOLK14,136,14th Suffolk,CANTON,50,25021,Norfolk,Canton
1019,1,132,SUFFOLK08,130,8th Suffolk,CAMBRIDGE,49,25017,Middlesex,Cambridge
1020,1,132,SUFFOLK08,130,8th Suffolk,BOSTON,35,25025,Suffolk,Boston
1021,1,133,MIDDLE35,93,35th Middlesex,EVERETT,93,25017,Middlesex,Everett
1022,1,133,MIDDLE35,93,35th Middlesex,MEDFORD,176,25017,Middlesex,Medford
1023,1,133,MIDDLE35,93,35th Middlesex,STONEHAM,284,25017,Middlesex,Stoneham
1024,1,133,MIDDLE35,93,35th Middlesex,MELROSE,178,25017,Middlesex,Melrose
1025,1,133,MIDDLE35,93,35th Middlesex,WINCHESTER,344,25017,Middlesex,Winchester
1026,1,133,MIDDLE35,93,35th Middlesex,MALDEN,165,25017,Middlesex,Malden
1027,1,134,HAMPDEN07,50,7th Hampden,BARRE,21,25027,Worcester,Barre
1028,1,134,HAMPDEN07,50,7th Hampden,PHILLIPSTON,235,25027,Worcester,Phillipston
1029,1,134,HAMPDEN07,50,7th Hampden,ORANGE,223,25011,Franklin,Orange
1030,1,134,HAMPDEN07,50,7th Hampden,HARDWICK,124,25027,Worcester,Hardwick
1031,1,134,HAMPDEN07,50,7th Hampden,ATHOL,15,25027,Worcester,Athol
1032,1,134,HAMPDEN07,50,7th Hampden,PETERSHAM,234,25027,Worcester,Petersham
1033,1,134,HAMPDEN07,50,7th Hampden,NEW SALEM,204,25011,Franklin,New Salem
1034,1,134,HAMPDEN07,50,7th Hampden,WARE,309,25015,Hampshire,Ware
1035,1,134,HAMPDEN07,50,7th Hampden,PALMER,227,25013,Hampden,Palmer
1036,1,134,HAMPDEN07,50,7th Hampden,ERVING,91,25011,Franklin,Erving
1037,1,134,HAMPDEN07,50,7th Hampden,GRANBY,111,25015,Hampshire,Granby
1038,1,134,HAMPDEN07,50,7th Hampden,PELHAM,230,25015,Hampshire,Pelham
1039,1,134,HAMPDEN07,50,7th Hampden,LEVERETT,154,25011,Franklin,Leverett
1040,1,134,HAMPDEN07,50,7th Hampden,AMHERST,8,25015,Hampshire,Amherst
1041,1,134,HAMPDEN07,50,7th Hampden,BELCHERTOWN,24,25015,Hampshire,Belchertown
1042,1,134,HAMPDEN07,50,7th Hampden,SHUTESBURY,272,25011,Franklin,Shutesbury
1043,1,134,HAMPDEN07,50,7th Hampden,WILBRAHAM,339,25013,Hampden,Wilbraham
1044,1,134,HAMPDEN07,50,7th Hampden,MONTAGUE,192,25011,Franklin,Montague
1045,1,134,HAMPDEN07,50,7th Hampden,CHICOPEE,61,25013,Hampden,Chicopee
1046,1,134,HAMPDEN07,50,7th Hampden,LUDLOW,161,25013,Hampden,Ludlow
1047,1,134,HAMPDEN07,50,7th Hampden,SPRINGFIELD,281,25013,Hampden,Springfield
1048,1,134,HAMPDEN07,50,7th Hampden,WENDELL,319,25011,Franklin,Wendell
1049,1,135,PLY02,112,2nd Plymouth,BOURNE,36,25001,Barnstable,Bourne
1050,1,135,PLY02,112,2nd Plymouth,PLYMOUTH,239,25023,Plymouth,Plymouth
1051,1,135,PLY02,112,2nd Plymouth,MARION,169,25023,Plymouth,Marion
1052,1,135,PLY02,112,2nd Plymouth,KINGSTON,145,25023,Plymouth,Kingston
1053,1,135,PLY02,112,2nd Plymouth,ROCHESTER,250,25023,Plymouth,Rochester
1054,1,135,PLY02,112,2nd Plymouth,CARVER,52,25023,Plymouth,Carver
1055,1,135,PLY02,112,2nd Plymouth,WAREHAM,310,25023,Plymouth,Wareham
1056,1,135,PLY02,112,2nd Plymouth,PLYMPTON,240,25023,Plymouth,Plympton
1057,1,135,PLY02,112,2nd Plymouth,MIDDLEBOROUGH,182,25023,Plymouth,Middleborough
1058,1,135,PLY02,112,2nd Plymouth,LAKEVILLE,146,25023,Plymouth,Lakeville
1059,1,136,MIDDLE28,86,28th Middlesex,EVERETT,93,25017,Middlesex,Everett
1060,1,136,MIDDLE28,86,28th Middlesex,MEDFORD,176,25017,Middlesex,Medford
1061,1,136,MIDDLE28,86,28th Middlesex,CHELSEA,57,25025,Suffolk,Chelsea
1062,1,136,MIDDLE28,86,28th Middlesex,REVERE,248,25025,Suffolk,Revere
1063,1,136,MIDDLE28,86,28th Middlesex,MALDEN,165,25017,Middlesex,Malden
1064,1,136,MIDDLE28,86,28th Middlesex,BOSTON,35,25025,Suffolk,Boston
1065,1,137,MIDDLE32,90,32nd Middlesex,READING,246,25017,Middlesex,Reading
1066,1,137,MIDDLE32,90,32nd Middlesex,SAUGUS,262,25009,Essex,Saugus
1067,1,137,MIDDLE32,90,32nd Middlesex,STONEHAM,284,25017,Middlesex,Stoneham
1068,1,137,MIDDLE32,90,32nd Middlesex,WAKEFIELD,305,25017,Middlesex,Wakefield
1069,1,137,MIDDLE32,90,32nd Middlesex,MELROSE,178,25017,Middlesex,Melrose
1070,1,137,MIDDLE32,90,32nd Middlesex,MALDEN,165,25017,Middlesex,Malden
1071,1,138,MIDDLE22,80,22nd Middlesex,WILMINGTON,342,25017,Middlesex,Wilmington
1072,1,138,MIDDLE22,80,22nd Middlesex,BURLINGTON,48,25017,Middlesex,Burlington
1073,1,138,MIDDLE22,80,22nd Middlesex,BILLERICA,31,25017,Middlesex,Billerica
1074,1,138,MIDDLE22,80,22nd Middlesex,CARLISLE,51,25017,Middlesex,Carlisle
1075,1,138,MIDDLE22,80,22nd Middlesex,CHELMSFORD,56,25017,Middlesex,Chelmsford
1076,1,138,MIDDLE22,80,22nd Middlesex,TEWKSBURY,295,25017,Middlesex,Tewksbury
1077,1,138,MIDDLE22,80,22nd Middlesex,BEDFORD,23,25017,Middlesex,Bedford
1078,1,138,MIDDLE22,80,22nd Middlesex,LOWELL,160,25017,Middlesex,Lowell
1079,1,139,PLY01,111,1st Plymouth,BOURNE,36,25001,Barnstable,Bourne
1080,1,139,PLY01,111,1st Plymouth,PLYMOUTH,239,25023,Plymouth,Plymouth
1081,1,139,PLY01,111,1st Plymouth,CARVER,52,25023,Plymouth,Carver
1082,1,139,PLY01,111,1st Plymouth,WAREHAM,310,25023,Plymouth,Wareham
1083,1,140,BARN03,3,3rd Barnstable,SANDWICH,261,25001,Barnstable,Sandwich
1084,1,140,BARN03,3,3rd Barnstable,BOURNE,36,25001,Barnstable,Bourne
1085,1,140,BARN03,3,3rd Barnstable,FALMOUTH,96,25001,Barnstable,Falmouth
1086,1,140,BARN03,3,3rd Barnstable,BARNSTABLE,20,25001,Barnstable,Barnstable
1087,1,140,BARN03,3,3rd Barnstable,MASHPEE,172,25001,Barnstable,Mashpee
1088,1,141,MIDDLE03,61,3rd Middlesex,MARLBOROUGH,170,25017,Middlesex,Marlborough
1089,1,141,MIDDLE03,61,3rd Middlesex,HUDSON,141,25017,Middlesex,Hudson
1090,1,141,MIDDLE03,61,3rd Middlesex,SUDBURY,288,25017,Middlesex,Sudbury
1091,1,141,MIDDLE03,61,3rd Middlesex,STOW,286,25017,Middlesex,Stow
1092,1,141,MIDDLE03,61,3rd Middlesex,ACTON,2,25017,Middlesex,Acton
1093,1,141,MIDDLE03,61,3rd Middlesex,MAYNARD,174,25017,Middlesex,Maynard
1094,1,141,MIDDLE03,61,3rd Middlesex,BOXBOROUGH,37,25017,Middlesex,Boxborough
1095,1,141,MIDDLE03,61,3rd Middlesex,LANCASTER,147,25027,Worcester,Lancaster
1096,1,141,MIDDLE03,61,3rd Middlesex,CLINTON,64,25027,Worcester,Clinton
1097,1,141,MIDDLE03,61,3rd Middlesex,BOLTON,34,25027,Worcester,Bolton
1098,1,141,MIDDLE03,61,3rd Middlesex,BERLIN,28,25027,Worcester,Berlin
1099,1,141,MIDDLE03,61,3rd Middlesex,HARVARD,125,25027,Worcester,Harvard
1100,1,142,NORFOLK04,99,4th Norfolk,HINGHAM,131,25023,Plymouth,Hingham
1101,1,142,NORFOLK04,99,4th Norfolk,WEYMOUTH,336,25021,Norfolk,Weymouth
1102,1,142,NORFOLK04,99,4th Norfolk,ABINGTON,1,25023,Plymouth,Abington
1103,1,142,NORFOLK04,99,4th Norfolk,ROCKLAND,251,25023,Plymouth,Rockland
1104,1,143,MIDDLE16,74,16th Middlesex,TYNGSBOROUGH,301,25017,Middlesex,Tyngsborough
1105,1,143,MIDDLE16,74,16th Middlesex,WESTFORD,330,25017,Middlesex,Westford
1106,1,143,MIDDLE16,74,16th Middlesex,CHELMSFORD,56,25017,Middlesex,Chelmsford
1107,1,143,MIDDLE16,74,16th Middlesex,DRACUT,79,25017,Middlesex,Dracut
1108,1,143,MIDDLE16,74,16th Middlesex,LOWELL,160,25017,Middlesex,Lowell
1109,1,144,SUFFOLK17,139,17th Suffolk,BROOKLINE,46,25021,Norfolk,Brookline
1110,1,144,SUFFOLK17,139,17th Suffolk,NEWTON,207,25017,Middlesex,Newton
1111,1,144,SUFFOLK17,139,17th Suffolk,BOSTON,35,25025,Suffolk,Boston
1112,1,145,MIDDLE14,72,14th Middlesex,SUDBURY,288,25017,Middlesex,Sudbury
1113,1,145,MIDDLE14,72,14th Middlesex,CONCORD,67,25017,Middlesex,Concord
1114,1,145,MIDDLE14,72,14th Middlesex,BILLERICA,31,25017,Middlesex,Billerica
1115,1,145,MIDDLE14,72,14th Middlesex,WESTFORD,330,25017,Middlesex,Westford
1116,1,145,MIDDLE14,72,14th Middlesex,CARLISLE,51,25017,Middlesex,Carlisle
1117,1,145,MIDDLE14,72,14th Middlesex,LITTLETON,158,25017,Middlesex,Littleton
1118,1,145,MIDDLE14,72,14th Middlesex,CHELMSFORD,56,25017,Middlesex,Chelmsford
1119,1,145,MIDDLE14,72,14th Middlesex,ACTON,2,25017,Middlesex,Acton
1120,1,145,MIDDLE14,72,14th Middlesex,BOXBOROUGH,37,25017,Middlesex,Boxborough
1121,1,145,MIDDLE14,72,14th Middlesex,BEDFORD,23,25017,Middlesex,Bedford
1122,1,145,MIDDLE14,72,14th Middlesex,LOWELL,160,25017,Middlesex,Lowell
1123,1,146,MIDDLE24,82,24th Middlesex,SOMERVILLE,274,25017,Middlesex,Somerville
1124,1,146,MIDDLE24,82,24th Middlesex,BELMONT,26,25017,Middlesex,Belmont
1125,1,146,MIDDLE24,82,24th Middlesex,ARLINGTON,10,25017,Middlesex,Arlington
1126,1,146,MIDDLE24,82,24th Middlesex,CAMBRIDGE,49,25017,Middlesex,Cambridge
1127,1,146,MIDDLE24,82,24th Middlesex,WATERTOWN,314,25017,Middlesex,Watertown
1128,1,146,MIDDLE24,82,24th Middlesex,WALTHAM,308,25017,Middlesex,Waltham
1129,1,146,MIDDLE24,82,24th Middlesex,LEXINGTON,155,25017,Middlesex,Lexington
1130,1,147,HAMPDEN02,45,2nd Hampden,BRIMFIELD,43,25013,Hampden,Brimfield
1131,1,147,HAMPDEN02,45,2nd Hampden,MONSON,191,25013,Hampden,Monson
1132,1,147,HAMPDEN02,45,2nd Hampden,WALES,306,25013,Hampden,Wales
1133,1,147,HAMPDEN02,45,2nd Hampden,PALMER,227,25013,Hampden,Palmer
1134,1,147,HAMPDEN02,45,2nd Hampden,LONGMEADOW,159,25013,Hampden,Longmeadow
1135,1,147,HAMPDEN02,45,2nd Hampden,EAST LONGMEADOW,85,25013,Hampden,East Longmeadow
1136,1,147,HAMPDEN02,45,2nd Hampden,AGAWAM,5,25013,Hampden,Agawam
1137,1,147,HAMPDEN02,45,2nd Hampden,WILBRAHAM,339,25013,Hampden,Wilbraham
1138,1,147,HAMPDEN02,45,2nd Hampden,HAMPDEN,120,25013,Hampden,Hampden
1139,1,147,HAMPDEN02,45,2nd Hampden,SPRINGFIELD,281,25013,Hampden,Springfield
1140,1,148,MIDDLE01,59,1st Middlesex,TYNGSBOROUGH,301,25017,Middlesex,Tyngsborough
1141,1,148,MIDDLE01,59,1st Middlesex,WESTFORD,330,25017,Middlesex,Westford
1142,1,148,MIDDLE01,59,1st Middlesex,GROTON,115,25017,Middlesex,Groton
1143,1,148,MIDDLE01,59,1st Middlesex,DUNSTABLE,81,25017,Middlesex,Dunstable
1144,1,148,MIDDLE01,59,1st Middlesex,LITTLETON,158,25017,Middlesex,Littleton
1145,1,148,MIDDLE01,59,1st Middlesex,PEPPERELL,232,25017,Middlesex,Pepperell
1146,1,148,MIDDLE01,59,1st Middlesex,LANCASTER,147,25027,Worcester,Lancaster
1147,1,148,MIDDLE01,59,1st Middlesex,LUNENBURG,162,25027,Worcester,Lunenburg
1148,1,148,MIDDLE01,59,1st Middlesex,LEOMINSTER,153,25027,Worcester,Leominster
1149,1,148,MIDDLE01,59,1st Middlesex,TOWNSEND,299,25017,Middlesex,Townsend
1150,1,148,MIDDLE01,59,1st Middlesex,ASHBURNHAM,11,25027,Worcester,Ashburnham
1151,1,148,MIDDLE01,59,1st Middlesex,FITCHBURG,97,25027,Worcester,Fitchburg
1152,1,148,MIDDLE01,59,1st Middlesex,ASHBY,12,25017,Middlesex,Ashby
1153,1,148,MIDDLE01,59,1st Middlesex,SHIRLEY,270,25017,Middlesex,Shirley
1154,1,149,WOR05,146,5th Worcester,WESTMINSTER,332,25027,Worcester,Westminster
1155,1,149,WOR05,146,5th Worcester,PRINCETON,241,25027,Worcester,Princeton
1156,1,149,WOR05,146,5th Worcester,GARDNER,103,25027,Worcester,Gardner
1157,1,149,WOR05,146,5th Worcester,RUTLAND,257,25027,Worcester,Rutland
1158,1,149,WOR05,146,5th Worcester,LEICESTER,151,25027,Worcester,Leicester
1159,1,149,WOR05,146,5th Worcester,PAXTON,228,25027,Worcester,Paxton
1160,1,149,WOR05,146,5th Worcester,WORCESTER,348,25027,Worcester,Worcester
1161,1,149,WOR05,146,5th Worcester,CHARLTON,54,25027,Worcester,Charlton
1162,1,149,WOR05,146,5th Worcester,BARRE,21,25027,Worcester,Barre
1163,1,149,WOR05,146,5th Worcester,PHILLIPSTON,235,25027,Worcester,Phillipston
1164,1,149,WOR05,146,5th Worcester,TEMPLETON,294,25027,Worcester,Templeton
1165,1,149,WOR05,146,5th Worcester,HARDWICK,124,25027,Worcester,Hardwick
1166,1,149,WOR05,146,5th Worcester,OAKHAM,222,25027,Worcester,Oakham
1167,1,149,WOR05,146,5th Worcester,NEW BRAINTREE,202,25027,Worcester,New Braintree
1168,1,149,WOR05,146,5th Worcester,HUBBARDSTON,140,25027,Worcester,Hubbardston
1169,1,149,WOR05,146,5th Worcester,PETERSHAM,234,25027,Worcester,Petersham
1170,1,149,WOR05,146,5th Worcester,EAST BROOKFIELD,84,25027,Worcester,East Brookfield
1171,1,149,WOR05,146,5th Worcester,BRIMFIELD,43,25013,Hampden,Brimfield
1172,1,149,WOR05,146,5th Worcester,WARREN,311,25027,Worcester,Warren
1173,1,149,WOR05,146,5th Worcester,WARE,309,25015,Hampshire,Ware
1174,1,149,WOR05,146,5th Worcester,WEST BROOKFIELD,323,25027,Worcester,West Brookfield
1175,1,149,WOR05,146,5th Worcester,NORTH BROOKFIELD,212,25027,Worcester,North Brookfield
1176,1,149,WOR05,146,5th Worcester,STURBRIDGE,287,25027,Worcester,Sturbridge
1177,1,149,WOR05,146,5th Worcester,SPENCER,280,25027,Worcester,Spencer
1178,1,149,WOR05,146,5th Worcester,BROOKFIELD,45,25027,Worcester,Brookfield
1179,1,150,SUFFOLK04,126,4th Suffolk,WINTHROP,346,25025,Suffolk,Winthrop
1180,1,150,SUFFOLK04,126,4th Suffolk,BOSTON,35,25025,Suffolk,Boston
1181,1,151,SUFFOLK12,134,12th Suffolk,MILTON,189,25021,Norfolk,Milton
1182,1,151,SUFFOLK12,134,12th Suffolk,BOSTON,35,25025,Suffolk,Boston
1183,1,152,PLY03,113,3rd Plymouth,HINGHAM,131,25023,Plymouth,Hingham
1184,1,152,PLY03,113,3rd Plymouth,WEYMOUTH,336,25021,Norfolk,Weymouth
1185,1,152,PLY03,113,3rd Plymouth,SCITUATE,264,25023,Plymouth,Scituate
1186,1,152,PLY03,113,3rd Plymouth,NORWELL,219,25023,Plymouth,Norwell
1187,1,152,PLY03,113,3rd Plymouth,COHASSET,65,25021,Norfolk,Cohasset
1188,1,152,PLY03,113,3rd Plymouth,BOSTON,35,25025,Suffolk,Boston
1189,1,152,PLY03,113,3rd Plymouth,HULL,142,25023,Plymouth,Hull
1190,1,152,PLY03,113,3rd Plymouth,ROCKLAND,251,25023,Plymouth,Rockland
1191,1,153,ESSEX12,35,12th Essex,DANVERS,71,25009,Essex,Danvers
1192,1,153,ESSEX12,35,12th Essex,LYNNFIELD,164,25009,Essex,Lynnfield
1193,1,153,ESSEX12,35,12th Essex,PEABODY,229,25009,Essex,Peabody
1194,1,153,ESSEX12,35,12th Essex,SALEM,258,25009,Essex,Salem
1195,1,153,ESSEX12,35,12th Essex,LYNN,163,25009,Essex,Lynn
1196,1,154,WOR11,152,11th Worcester,WEST BOYLSTON,321,25027,Worcester,West Boylston
1197,1,154,WOR11,152,11th Worcester,NORTHBOROUGH,215,25027,Worcester,Northborough
1198,1,154,WOR11,152,11th Worcester,WESTBOROUGH,328,25027,Worcester,Westborough
1199,1,154,WOR11,152,11th Worcester,WORCESTER,348,25027,Worcester,Worcester
1200,1,154,WOR11,152,11th Worcester,BOYLSTON,39,25027,Worcester,Boylston
1201,1,154,WOR11,152,11th Worcester,SHREWSBURY,271,25027,Worcester,Shrewsbury
1202,1,154,WOR11,152,11th Worcester,GRAFTON,110,25027,Worcester,Grafton
1203,1,155,WOR13,154,13th Worcester,HOLDEN,134,25027,Worcester,Holden
1204,1,155,WOR13,154,13th Worcester,LEICESTER,151,25027,Worcester,Leicester
1205,1,155,WOR13,154,13th Worcester,PAXTON,228,25027,Worcester,Paxton
1206,1,155,WOR13,154,13th Worcester,WORCESTER,348,25027,Worcester,Worcester
1207,1,156,NORFOLK11,106,11th Norfolk,DEDHAM,73,25021,Norfolk,Dedham
1208,1,156,NORFOLK11,106,11th Norfolk,BOSTON,35,25025,Suffolk,Boston
1209,1,156,NORFOLK11,106,11th Norfolk,WESTWOOD,335,25021,Norfolk,Westwood
1210,1,156,NORFOLK11,106,11th Norfolk,CANTON,50,25021,Norfolk,Canton
1211,1,156,NORFOLK11,106,11th Norfolk,NORWOOD,220,25021,Norfolk,Norwood
1212,1,156,NORFOLK11,106,11th Norfolk,NEEDHAM,199,25021,Norfolk,Needham
1213,1,156,NORFOLK11,106,11th Norfolk,MEDFIELD,175,25021,Norfolk,Medfield
1214,1,156,NORFOLK11,106,11th Norfolk,DOVER,78,25021,Norfolk,Dover
1215,1,156,NORFOLK11,106,11th Norfolk,WALPOLE,307,25021,Norfolk,Walpole
1216,1,157,ESSEX06,29,6th Essex,HAMILTON,119,25009,Essex,Hamilton
1217,1,157,ESSEX06,29,6th Essex,MANCHESTER,166,25009,Essex,Manchester
1218,1,157,ESSEX06,29,6th Essex,WENHAM,320,25009,Essex,Wenham
1219,1,157,ESSEX06,29,6th Essex,BEVERLY,30,25009,Essex,Beverly
1220,1,157,ESSEX06,29,6th Essex,DANVERS,71,25009,Essex,Danvers
1221,1,158,BERK03,9,3rd Berkshire,LENOX,152,25003,Berkshire,Lenox
1222,1,158,BERK03,9,3rd Berkshire,LEE,150,25003,Berkshire,Lee
1223,1,158,BERK03,9,3rd Berkshire,NEW MARLBOROUGH,203,25003,Berkshire,New Marlborough
1224,1,158,BERK03,9,3rd Berkshire,PITTSFIELD,236,25003,Berkshire,Pittsfield
1225,1,158,BERK03,9,3rd Berkshire,MOUNT WASHINGTON,195,25003,Berkshire,Mount Washington
1226,1,158,BERK03,9,3rd Berkshire,HANCOCK,121,25003,Berkshire,Hancock
1227,1,158,BERK03,9,3rd Berkshire,CHESHIRE,58,25003,Berkshire,Cheshire
1228,1,158,BERK03,9,3rd Berkshire,CHESTER,59,25013,Hampden,Chester
1229,1,158,BERK03,9,3rd Berkshire,MIDDLEFIELD,183,25015,Hampshire,Middlefield
1230,1,158,BERK03,9,3rd Berkshire,BLANDFORD,33,25013,Hampden,Blandford
1231,1,158,BERK03,9,3rd Berkshire,OTIS,225,25003,Berkshire,Otis
1232,1,158,BERK03,9,3rd Berkshire,EGREMONT,90,25003,Berkshire,Egremont
1233,1,158,BERK03,9,3rd Berkshire,PERU,233,25003,Berkshire,Peru
1234,1,158,BERK03,9,3rd Berkshire,LANESBOROUGH,148,25003,Berkshire,Lanesborough
1235,1,158,BERK03,9,3rd Berkshire,STOCKBRIDGE,283,25003,Berkshire,Stockbridge
1236,1,158,BERK03,9,3rd Berkshire,DALTON,70,25003,Berkshire,Dalton
1237,1,158,BERK03,9,3rd Berkshire,WINDSOR,345,25003,Berkshire,Windsor
1238,1,158,BERK03,9,3rd Berkshire,WEST STOCKBRIDGE,326,25003,Berkshire,West Stockbridge
1239,1,158,BERK03,9,3rd Berkshire,HINSDALE,132,25003,Berkshire,Hinsdale
1240,1,158,BERK03,9,3rd Berkshire,SANDISFIELD,260,25003,Berkshire,Sandisfield
1241,1,158,BERK03,9,3rd Berkshire,TYRINGHAM,302,25003,Berkshire,Tyringham
1242,1,158,BERK03,9,3rd Berkshire,ALFORD,6,25003,Berkshire,Alford
1243,1,158,BERK03,9,3rd Berkshire,TOLLAND,297,25013,Hampden,Tolland
1244,1,158,BERK03,9,3rd Berkshire,RICHMOND,249,25003,Berkshire,Richmond
1245,1,158,BERK03,9,3rd Berkshire,WASHINGTON,313,25003,Berkshire,Washington
1246,1,158,BERK03,9,3rd Berkshire,MONTEREY,193,25003,Berkshire,Monterey
1247,1,158,BERK03,9,3rd Berkshire,SHEFFIELD,267,25003,Berkshire,Sheffield
1248,1,158,BERK03,9,3rd Berkshire,BECKET,22,25003,Berkshire,Becket
1249,1,158,BERK03,9,3rd Berkshire,GREAT BARRINGTON,113,25003,Berkshire,Great Barrington
1250,1,159,BRISTOL14,23,14th Bristol,FOXBOROUGH,99,25021,Norfolk,Foxborough
1251,1,159,BRISTOL14,23,14th Bristol,NORTH ATTLEBOROUGH,211,25005,Bristol,North Attleborough
1252,1,159,BRISTOL14,23,14th Bristol,PLAINVILLE,238,25021,Norfolk,Plainville
1253,1,159,BRISTOL14,23,14th Bristol,NORTON,218,25005,Bristol,Norton
1254,1,159,BRISTOL14,23,14th Bristol,MANSFIELD,167,25005,Bristol,Mansfield
1255,1,159,BRISTOL14,23,14th Bristol,ATTLEBORO,16,25005,Bristol,Attleboro
1256,1,160,MIDDLE06,64,6th Middlesex,NATICK,198,25017,Middlesex,Natick
1257,1,160,MIDDLE06,64,6th Middlesex,ASHLAND,14,25017,Middlesex,Ashland
1258,1,160,MIDDLE06,64,6th Middlesex,FRAMINGHAM,100,25017,Middlesex,Framingham
1259,1,160,MIDDLE06,64,6th Middlesex,SHERBORN,269,25017,Middlesex,Sherborn
